Account,Account Name,Transaction Type,ISIN,Security Name,Status,Trade Date,Settle Date,Actual Settle Date,Alternate Delivery Date,Settlement Policy,Units,Price,Amount,CCY,Loc,Fail Reason,Amortized Units,Clearing Broker,Client Reference,CUSIP,Gross Amount,Trading Broker,Transaction Description,Transaction Narrative 1,Transaction Narrative 2,Our Reference,Commision Expenses,SEDOL,Payment Date,Days Late,Transaction Indicator,BPSS Indicator
487820,EMORY U GBS ALGORY,Dividend,US64828T2015,RITHM CAPI COM NPV,STL - POSTED,03/28/2024,04/26/2024,04/26/2024,,Contractual Cash,522.0000,0.000000,130.50,USD,DTC,-,0.0000,-,N,64828T201,130.50,-,Dividend,-,-,PSS2403274178606,0.00,BRJ9GW0,04/26/2024,0,-,-
487820,EMORY U GBS ALGORY,Dividend,US46625H1005,JPMORGAN CHASE + CO USD 1.0,STL - POSTED,04/04/2024,04/30/2024,04/30/2024,,Contractual Cash,76.0000,0.000000,87.40,USD,DTC,-,0.0000,-,N,46625H100,87.40,-,Dividend,-,-,PSS2404034194657,0.00,2190385,04/30/2024,0,-,-
487820,EMORY U GBS ALGORY,Sell,US25754A2015,DOMINOS PIZZA INC USD 0.01,STL - ACTUAL SETTLEMENT,04/19/2024,04/23/2024,04/23/2024,,Contractual Cash,(10.0000),473.000000,"4,719.96",USD,DTC,MATCHING INSTRUCTION NOT FOUND RAD AWAITING APPROVAL STEP ACCT   NZA0147500 STEP CLIENT 00016179116GHNYA0001 STEP VENDOR Q6AJZP,0.0000,PERSHING LLC,STPQ6AJZP,25754A201,0.00,BNY CAPITAL MARKETS INC,Sale,MATCHING INSTRUCTION NOT FOUND,RAD AWAITING APPROVAL,1241100476264,(10.00),B01SD70,,0,TRAD,-
487820,EMORY U GBS ALGORY,Buy,US33829M1018,FIVE BELOW INC USD 0.01,STL - ACTUAL SETTLEMENT,04/22/2024,04/24/2024,04/24/2024,,Contractual Cash,33.0000,147.960000,"(4,892.68)",USD,DTC,STEP ACCT   NZA0147500 STEP CLIENT 00016185284GHNYA0001 STEP VENDOR Q6T4U2,0.0000,PERSHING LLC,STPQ6T4U2,33829M101,0.00,BNY CAPITAL MARKETS INC,Purchase,1241150040855,A,1241130487266,(10.00),B85KFY9,,0,TRAD,-
487820,EMORY U GBS ALGORY,Buy,X9X9USDBLYT6,BLACKROCK TREASURY TRUST INSTL 10,STL - ACTUAL SETTLEMENT,04/23/2024,04/23/2024,04/23/2024,,Un-projected Actual,"4,719.9600",1.000000,"(4,719.96)",USD,GSF,-,0.0000,SHORT TERM INVT FUND ON-SHORE,-,X9USDBLYT,0.00,PURCHASE SHORT TERM INVT FUND,Purchase- Cash Equivalent (STF),C/DECL//STIF PUR TRAD 003248495,,GSF2404233248495,0.00,94Q9911,,0,TRAD,-
487820,EMORY U GBS ALGORY,Sell,X9X9USDBLYT6,BLACKROCK TREASURY TRUST INSTL 10,STL - ACTUAL SETTLEMENT,04/24/2024,04/24/2024,04/24/2024,,Un-projected Actual,"(4,892.6800)",1.000000,"4,892.68",USD,GSF,-,0.0000,SHORT TERM INVT FUND ON-SHORE,-,X9USDBLYT,0.00,-,Sale- Cash Equivalent(STF),C/DECL//STIF RED TRAD 003375223,,GSF2404243375223,0.00,94Q9911,,0,TRAD,-
487820,EMORY U GBS ALGORY,Buy,US30303M1027,META PLATFORMS INC USD 0.000006,STL - ACTUAL SETTLEMENT,04/25/2024,04/29/2024,04/29/2024,,Contractual Cash,10.0000,433.690000,"(4,346.90)",USD,DTC,STEP ACCT   NZA0147500 STEP CLIENT 00016213466GHNYA0001 STEP VENDOR Q8YEDE,0.0000,PERSHING LLC,STPQ8YEDE,30303M102,0.00,BNY CAPITAL MARKETS INC,Purchase,1241200041817,A,1241170008570,(10.00),B7TL820,,0,TRAD,-
487820,EMORY U GBS ALGORY,Buy,X9X9USDBLYT6,BLACKROCK TREASURY TRUST INSTL 10,STL - ACTUAL SETTLEMENT,04/26/2024,04/26/2024,04/26/2024,,Un-projected Actual,130.5000,1.000000,(130.50),USD,GSF,-,0.0000,SHORT TERM INVT FUND ON-SHORE,-,X9USDBLYT,0.00,PURCHASE SHORT TERM INVT FUND,Purchase- Cash Equivalent (STF),C/DECL//STIF PUR TRAD 003640505,,GSF2404263640505,0.00,94Q9911,,0,TRAD,-
487820,EMORY U GBS ALGORY,Sell,X9X9USDBLYT6,BLACKROCK TREASURY TRUST INSTL 10,STL - ACTUAL SETTLEMENT,04/29/2024,04/29/2024,04/29/2024,,Un-projected Actual,"(4,346.9000)",1.000000,"4,346.90",USD,GSF,-,0.0000,SHORT TERM INVT FUND ON-SHORE,-,X9USDBLYT,0.00,-,Sale- Cash Equivalent(STF),C/DECL//STIF RED TRAD 003806734,,GSF2404293806734,0.00,94Q9911,,0,TRAD,-
487820,EMORY U GBS ALGORY,Buy,X9X9USDBLYT6,BLACKROCK TREASURY TRUST INSTL 10,STL - ACTUAL SETTLEMENT,04/30/2024,04/30/2024,04/30/2024,,Un-projected Actual,87.4000,1.000000,(87.40),USD,GSF,-,0.0000,SHORT TERM INVT FUND ON-SHORE,-,X9USDBLYT,0.00,PURCHASE SHORT TERM INVT FUND,Purchase- Cash Equivalent (STF),C/DECL//STIF PUR TRAD 003940597,,GSF2404303940597,0.00,94Q9911,,0,TRAD,-
487820,EMORY U GBS ALGORY,Dividend,US0925285043,ISHARES AAA CLO ACTIVE ETF,STL - POSTED,05/01/2024,05/07/2024,05/07/2024,,Contractual Cash,420.0000,0.000000,96.97,USD,DTC,-,0.0000,-,N,092528504,96.97,-,Dividend,-,-,PSS2405014072179,0.00,BNTF352,05/07/2024,0,-,-
487820,EMORY U GBS ALGORY,Dividend,X9X9USDBLYT6,BLACKROCK TREASURY TRUST INSTL 10,STL - POSTED,05/02/2024,05/02/2024,05/02/2024,,Contractual Cash,0.0000,0.000000,77.91,USD,GSF,-,0.0000,-,N,X9USDBLYT,77.91,-,Dividend,-,-,PSS2405011205094,0.00,94Q9911,05/02/2024,0,-,-
487820,EMORY U GBS ALGORY,Buy,X9X9USDBLYT6,BLACKROCK TREASURY TRUST INSTL 10,STL - ACTUAL SETTLEMENT,05/02/2024,05/02/2024,05/02/2024,,Un-projected Actual,77.9100,1.000000,(77.91),USD,GSF,-,0.0000,SHORT TERM INVT FUND ON-SHORE,-,X9USDBLYT,0.00,PURCHASE SHORT TERM INVT FUND,Purchase- Cash Equivalent (STF),C/DECL//STIF PUR TRAD 000530634,,GSF2405020530634,0.00,94Q9911,,0,TRAD,-
487820,EMORY U GBS ALGORY,Buy,X9X9USDBLYT6,BLACKROCK TREASURY TRUST INSTL 10,STL - ACTUAL SETTLEMENT,05/07/2024,05/07/2024,05/07/2024,,Un-projected Actual,96.9700,1.000000,(96.97),USD,GSF,-,0.0000,SHORT TERM INVT FUND ON-SHORE,-,X9USDBLYT,0.00,PURCHASE SHORT TERM INVT FUND,Purchase- Cash Equivalent (STF),C/DECL//STIF PUR TRAD 001078264,,GSF2405071078264,0.00,94Q9911,,0,TRAD,-
487820,EMORY U GBS ALGORY,Sell,US8485771021,SPIRIT AIRLS INC USD 0.0001,STL - ACTUAL SETTLEMENT,05/09/2024,05/13/2024,05/13/2024,,Contractual Cash,(333.0000),3.670991,"1,212.43",USD,DTC,MATCHING INSTRUCTION NOT FOUND RAD AWAITING APPROVAL STEP ACCT   NZA0147500 STEP CLIENT 00016287439GHNYA0001 STEP VENDOR Q39G51,0.0000,PERSHING LLC,STPQ39G51,848577102,0.00,BNY CAPITAL MARKETS INC,Sale,MATCHING INSTRUCTION NOT FOUND,RAD AWAITING APPROVAL,1241300500338,(10.00),B3ZG8F4,,0,TRAD,-
487820,EMORY U GBS ALGORY,Buy,X9X9USDBLYT6,BLACKROCK TREASURY TRUST INSTL 10,STL - ACTUAL SETTLEMENT,05/13/2024,05/13/2024,05/13/2024,,Un-projected Actual,"1,212.4300",1.000000,"(1,212.43)",USD,GSF,-,0.0000,SHORT TERM INVT FUND ON-SHORE,-,X9USDBLYT,0.00,PURCHASE SHORT TERM INVT FUND,Purchase- Cash Equivalent (STF),C/DECL//STIF PUR TRAD 001619779,,GSF2405131619779,0.00,94Q9911,,0,TRAD,-
487820,EMORY U GBS ALGORY,Dividend,US0378331005,APPLE INC USD 0.00001,STL - POSTED,05/10/2024,05/16/2024,05/16/2024,,Contractual Cash,69.0000,0.000000,17.25,USD,DTC,-,0.0000,-,N,037833100,17.25,-,Dividend,-,-,PSS2405144231670,0.00,2046251,05/16/2024,0,-,-
487820,EMORY U GBS ALGORY,Dividend,US5949181045,MICROSOFT COM USD0.00000625,STL - POSTED,05/15/2024,06/13/2024,06/13/2024,,Contractual Cash,36.0000,0.000000,27.00,USD,DTC,-,0.0000,-,N,594918104,27.00,-,Dividend,-,-,PSS2405144321537,0.00,2588173,06/13/2024,0,-,-
487820,EMORY U GBS ALGORY,Buy,X9X9USDBLYT6,BLACKROCK TREASURY TRUST INSTL 10,STL - ACTUAL SETTLEMENT,05/16/2024,05/16/2024,05/16/2024,,Un-projected Actual,17.2500,1.000000,(17.25),USD,GSF,-,0.0000,SHORT TERM INVT FUND ON-SHORE,-,X9USDBLYT,0.00,PURCHASE SHORT TERM INVT FUND,Purchase- Cash Equivalent (STF),C/DECL//STIF PUR TRAD 002021546,,GSF2405162021546,0.00,94Q9911,,0,TRAD,-
487820,EMORY U GBS ALGORY,Buy,US26603R1068,DUOLINGO INC USD 0.0001,STL - ACTUAL SETTLEMENT,05/17/2024,05/21/2024,05/21/2024,,Contractual Cash,6.0000,176.810000,"(1,070.86)",USD,DTC,STEP ACCT   NZA0147500 STEP CLIENT 00016320452GHNYA0001 STEP VENDOR Q7FZ6X,0.0000,PERSHING LLC,STPQ7FZ6X,26603R106,0.00,BNY CAPITAL MARKETS INC,Purchase,1241420034923,A,1241380477957,(10.00),BMCM6P4,,0,TRAD,-
487820,EMORY U GBS ALGORY,Sell,X9X9USDBLYT6,BLACKROCK TREASURY TRUST INSTL 10,STL - ACTUAL SETTLEMENT,05/21/2024,05/21/2024,05/21/2024,,Un-projected Actual,"(1,070.8600)",1.000000,"1,070.86",USD,GSF,-,0.0000,SHORT TERM INVT FUND ON-SHORE,-,X9USDBLYT,0.00,-,Sale- Cash Equivalent(STF),C/DECL//STIF RED TRAD 002454605,,GSF2405212454605,0.00,94Q9911,,0,TRAD,-
487820,EMORY U GBS ALGORY,Buy,US79466L3024,SALESFORCE INC USD 0.001,STL - ACTUAL SETTLEMENT,05/30/2024,05/31/2024,05/31/2024,,Contractual Cash,10.0000,213.380000,"(2,143.80)",USD,DTC,NARRATIVE REASON PENDED BY COUNTERPARTY STEP ACCT   NZA0147500 STEP CLIENT 00016364839GHNYA0001 STEP VENDOR Q1KQON,0.0000,PERSHING LLC,STPQ1KQON,79466L302,0.00,BNY CAPITAL MARKETS INC,Purchase,NARRATIVE REASON,PENDED BY COUNTERPARTY,1241510533277,(10.00),2310525,,0,TRAD,-
487820,EMORY U GBS ALGORY,Sell,X9X9USDBLYT6,BLACKROCK TREASURY TRUST INSTL 10,STL - ACTUAL SETTLEMENT,05/31/2024,05/31/2024,05/31/2024,,Un-projected Actual,"(2,143.8000)",1.000000,"2,143.80",USD,GSF,-,0.0000,SHORT TERM INVT FUND ON-SHORE,-,X9USDBLYT,0.00,-,Sale- Cash Equivalent(STF),C/DECL//STIF RED TRAD 003454472,,GSF2405313454472,0.00,94Q9911,,0,TRAD,-
487820,EMORY U GBS ALGORY,Dividend,US0925285043,ISHARES AAA CLO ACTIVE ETF,STL - POSTED,06/03/2024,06/07/2024,06/07/2024,,Contractual Cash,420.0000,0.000000,114.35,USD,DTC,-,0.0000,-,N,092528504,114.35,-,Dividend,-,-,PSS2406034309822,0.00,BNTF352,06/07/2024,0,-,-
487820,EMORY U GBS ALGORY,Dividend,X9X9USDBLYT6,BLACKROCK TREASURY TRUST INSTL 10,STL - POSTED,06/04/2024,06/04/2024,06/04/2024,,Contractual Cash,0.0000,0.000000,58.94,USD,GSF,-,0.0000,-,N,X9USDBLYT,58.94,-,Dividend,-,-,PSS2406031603827,0.00,94Q9911,06/04/2024,0,-,-
487820,EMORY U GBS ALGORY,Buy,X9X9USDBLYT6,BLACKROCK TREASURY TRUST INSTL 10,STL - ACTUAL SETTLEMENT,06/04/2024,06/04/2024,06/04/2024,,Un-projected Actual,58.9400,1.000000,(58.94),USD,GSF,-,0.0000,SHORT TERM INVT FUND ON-SHORE,-,X9USDBLYT,0.00,PURCHASE SHORT TERM INVT FUND,Purchase- Cash Equivalent (STF),C/DECL//STIF PUR TRAD 000084659,,GSF2406040084659,0.00,94Q9911,,0,TRAD,-
487820,EMORY U GBS ALGORY,Buy,X9X9USDBLYT6,BLACKROCK TREASURY TRUST INSTL 10,STL - ACTUAL SETTLEMENT,06/07/2024,06/07/2024,06/07/2024,,Un-projected Actual,114.3500,1.000000,(114.35),USD,GSF,-,0.0000,SHORT TERM INVT FUND ON-SHORE,-,X9USDBLYT,0.00,PURCHASE SHORT TERM INVT FUND,Purchase- Cash Equivalent (STF),C/DECL//STIF PUR TRAD 000598760,,GSF2406070598760,0.00,94Q9911,,0,TRAD,-
487820,EMORY U GBS ALGORY,Dividend,US30303M1027,META PLATFORMS INC USD 0.000006,STL - POSTED,06/14/2024,06/26/2024,06/26/2024,,Contractual Cash,10.0000,0.000000,5.00,USD,DTC,-,0.0000,-,N,30303M102,5.00,-,Dividend,-,-,PSS2406114243976,0.00,B7TL820,06/26/2024,0,-,-
487820,EMORY U GBS ALGORY,Dividend,US01609W1027,ALIBABA GROUP HLDG USD 0.000025 ADR,STL - POSTED,06/13/2024,07/12/2024,07/12/2024,,Contractual Cash,34.0000,0.000000,33.32,USD,DTC,-,0.0000,-,N,01609W102,34.00,-,Dividend,-,-,PSS2406124154371,0.00,BP41ZD1,07/12/2024,0,-,-
487820,EMORY U GBS ALGORY,Dividend,US01609W1027,ALIBABA GROUP HLDG USD 0.000025 ADR,STL - POSTED,06/13/2024,07/12/2024,07/12/2024,,Contractual Cash,34.0000,0.000000,22.44,USD,DTC,-,0.0000,-,N,01609W102,22.44,-,Dividend,-,-,PSS2406124190597,0.00,BP41ZD1,07/12/2024,0,-,-
487820,EMORY U GBS ALGORY,Buy,X9X9USDBLYT6,BLACKROCK TREASURY TRUST INSTL 10,STL - ACTUAL SETTLEMENT,06/13/2024,06/13/2024,06/13/2024,,Un-projected Actual,27.0000,1.000000,(27.00),USD,GSF,-,0.0000,SHORT TERM INVT FUND ON-SHORE,-,X9USDBLYT,0.00,PURCHASE SHORT TERM INVT FUND,Purchase- Cash Equivalent (STF),C/DECL//STIF PUR TRAD 001135615,,GSF2406131135615,0.00,94Q9911,,0,TRAD,-
487820,EMORY U GBS ALGORY,Buy,US67066G1040,NVIDIA CORP USD 0.001,STL - ACTUAL SETTLEMENT,06/25/2024,06/26/2024,06/26/2024,,Contractual Cash,24.0000,124.120000,"(2,988.88)",USD,DTC,"INSUFFICIENT MONEY PENDING, PENDING DEBIT CAP STEP ACCT   NZA0147500 STEP CLIENT 00016491858GHNYA0001 STEP VENDOR Q17IMG",0.0000,PERSHING LLC,STPQ17IMG,67066G104,0.00,BNY CAPITAL MARKETS INC,Purchase,INSUFFICIENT MONEY,"PENDING, PENDING DEBIT CAP",1241770580135,(10.00),2379504,,0,TRAD,-
487820,EMORY U GBS ALGORY,Sell,X9X9USDBLYT6,BLACKROCK TREASURY TRUST INSTL 10,STL - ACTUAL SETTLEMENT,06/26/2024,06/26/2024,06/26/2024,,Un-projected Actual,"(2,983.8800)",1.000000,"2,983.88",USD,GSF,-,0.0000,SHORT TERM INVT FUND ON-SHORE,-,X9USDBLYT,0.00,-,Sale- Cash Equivalent(STF),C/DECL//STIF RED TRAD 002348257,,GSF2406262348257,0.00,94Q9911,,0,TRAD,-
487820,EMORY U GBS ALGORY,Dividend,US64828T2015,RITHM CAPI COM NPV,STL - POSTED,07/01/2024,07/26/2024,07/26/2024,,Contractual Cash,522.0000,0.000000,130.50,USD,DTC,-,0.0000,-,N,64828T201,130.50,-,Dividend,-,-,PSS2406284207308,0.00,BRJ9GW0,07/26/2024,0,-,-
487820,EMORY U GBS ALGORY,Dividend,US0925285043,ISHARES AAA CLO ACTIVE ETF,STL - POSTED,07/01/2024,07/05/2024,07/05/2024,,Contractual Cash,420.0000,0.000000,109.36,USD,DTC,-,0.0000,-,N,092528504,109.36,-,Dividend,-,-,PSS2407014286806,0.00,BNTF352,07/05/2024,0,-,-
487820,EMORY U GBS ALGORY,Dividend,X9X9USDBLYT6,BLACKROCK TREASURY TRUST INSTL 10,STL - POSTED,07/02/2024,07/02/2024,07/02/2024,,Contractual Cash,0.0000,0.000000,45.92,USD,GSF,-,0.0000,-,N,X9USDBLYT,45.92,-,Dividend,-,-,PSS2407011544271,0.00,94Q9911,07/02/2024,0,-,-
487820,EMORY U GBS ALGORY,Buy,X9X9USDBLYT6,BLACKROCK TREASURY TRUST INSTL 10,STL - ACTUAL SETTLEMENT,07/02/2024,07/02/2024,07/02/2024,,Un-projected Actual,45.9200,1.000000,(45.92),USD,GSF,-,0.0000,SHORT TERM INVT FUND ON-SHORE,-,X9USDBLYT,0.00,PURCHASE SHORT TERM INVT FUND,Purchase- Cash Equivalent (STF),C/DECL//STIF PUR TRAD 003308049,,GSF2407023308049,0.00,94Q9911,,0,TRAD,-
487820,EMORY U GBS ALGORY,Buy,US94419L1017,WAYFAIR INC USD 0.001,STL - ACTUAL SETTLEMENT,07/02/2024,07/03/2024,07/05/2024,,Contractual Cash,79.0000,50.550000,"(4,003.45)",USD,DTC,CPTY INSUFFICIENT SECURITIES PENDED INSUFFICIENT POSN STEP ACCT   NZA0147500 STEP CLIENT 00016529615GHNYA0001 STEP VENDOR Q47UOC,0.0000,PERSHING LLC,STPQ47UOC,94419L101,0.00,BNY CAPITAL MARKETS INC,Purchase,CPTY INSUFFICIENT SECURITIES,PENDED INSUFFICIENT POSN,1241840549794,(10.00),BQXZP64,,2,TRAD,-
487820,EMORY U GBS ALGORY,Sell,US64828T2015,RITHM CAPI COM NPV,STL - ACTUAL SETTLEMENT,07/02/2024,07/03/2024,07/03/2024,,Contractual Cash,(522.0000),10.580000,"5,512.60",USD,DTC,MATCHING INSTRUCTION NOT FOUND RAD AWAITING APPROVAL STEP ACCT   NZA0147500 STEP CLIENT 00016529616GHNYA0001 STEP VENDOR Q47UOD,0.0000,PERSHING LLC,STPQ47UOD,64828T201,0.00,BNY CAPITAL MARKETS INC,Sale,MATCHING INSTRUCTION NOT FOUND,RAD AWAITING APPROVAL,1241840550002,(10.00),BRJ9GW0,,0,TRAD,-
487820,EMORY U GBS ALGORY,Buy,X9X9USDBLYT6,BLACKROCK TREASURY TRUST INSTL 10,STL - ACTUAL SETTLEMENT,07/03/2024,07/03/2024,07/03/2024,,Un-projected Actual,"1,509.1500",1.000000,"(1,509.15)",USD,GSF,-,0.0000,SHORT TERM INVT FUND ON-SHORE,-,X9USDBLYT,0.00,PURCHASE SHORT TERM INVT FUND,Purchase- Cash Equivalent (STF),C/DECL//STIF PUR TRAD 003562295,,GSF2407033562295,0.00,94Q9911,,0,TRAD,-
487820,EMORY U GBS ALGORY,Dividend,US46625H1005,JPMORGAN CHASE + CO USD 1.0,STL - POSTED,07/05/2024,07/31/2024,07/31/2024,,Contractual Cash,76.0000,0.000000,87.40,USD,DTC,-,0.0000,-,N,46625H100,87.40,-,Dividend,-,-,PSS2407034183728,0.00,2190385,07/31/2024,0,-,-
487820,EMORY U GBS ALGORY,Buy,X9X9USDBLYT6,BLACKROCK TREASURY TRUST INSTL 10,STL - ACTUAL SETTLEMENT,07/05/2024,07/05/2024,07/05/2024,,Un-projected Actual,109.3600,1.000000,(109.36),USD,GSF,-,0.0000,SHORT TERM INVT FUND ON-SHORE,-,X9USDBLYT,0.00,PURCHASE SHORT TERM INVT FUND,Purchase- Cash Equivalent (STF),C/DECL//STIF PUR TRAD 003743717,,GSF2407053743717,0.00,94Q9911,,0,TRAD,-
487820,EMORY U GBS ALGORY,Dividend,US79466L3024,SALESFORCE INC USD 0.001,STL - POSTED,07/09/2024,07/25/2024,07/25/2024,,Contractual Cash,10.0000,0.000000,4.00,USD,DTC,-,0.0000,-,N,79466L302,4.00,-,Dividend,-,-,PSS2407084855661,0.00,2310525,07/25/2024,0,-,-
487820,EMORY U GBS ALGORY,Buy,X9X9USDBLYT6,BLACKROCK TREASURY TRUST INSTL 10,STL - ACTUAL SETTLEMENT,07/12/2024,07/12/2024,07/12/2024,,Un-projected Actual,55.7600,1.000000,(55.76),USD,GSF,-,0.0000,SHORT TERM INVT FUND ON-SHORE,-,X9USDBLYT,0.00,PURCHASE SHORT TERM INVT FUND,Purchase- Cash Equivalent (STF),C/DECL//STIF PUR TRAD 000406191,,GSF2407120406191,0.00,94Q9911,,0,TRAD,-
487820,EMORY U GBS ALGORY,Sell,US33829M1018,FIVE BELOW INC USD 0.01,STL - ACTUAL SETTLEMENT,07/18/2024,07/19/2024,07/19/2024,,Contractual Cash,(33.0000),75.760000,"2,490.01",USD,DTC,MATCHING INSTRUCTION NOT FOUND RAD AWAITING APPROVAL STEP ACCT   NZA0147500 STEP CLIENT 00016599439GHNYA0001 STEP VENDOR Q04MM8,0.0000,PERSHING LLC,STPQ04MM8,33829M101,0.00,BNY CAPITAL MARKETS INC,Sale,MATCHING INSTRUCTION NOT FOUND,RAD AWAITING APPROVAL,1242000528201,(10.00),B85KFY9,,0,TRAD,-
487820,EMORY U GBS ALGORY,Buy,US30303M1027,META PLATFORMS INC USD 0.000006,STL - ACTUAL SETTLEMENT,07/18/2024,07/19/2024,07/19/2024,,Contractual Cash,17.0000,474.860000,"(8,082.62)",USD,DTC,STEP ACCT   NZA0147500 STEP CLIENT 00016599438GHNYA0001 STEP VENDOR Q04MM7,0.0000,PERSHING LLC,STPQ04MM7,30303M102,0.00,BNY CAPITAL MARKETS INC,Purchase,1242010021426,A,1242000528246,(10.00),B7TL820,,0,TRAD,-
487820,EMORY U GBS ALGORY,Sell,X9X9USDBLYT6,BLACKROCK TREASURY TRUST INSTL 10,STL - ACTUAL SETTLEMENT,07/19/2024,07/19/2024,07/19/2024,,Un-projected Actual,"(5,592.6100)",1.000000,"5,592.61",USD,GSF,-,0.0000,SHORT TERM INVT FUND ON-SHORE,-,X9USDBLYT,0.00,-,Sale- Cash Equivalent(STF),C/DECL//STIF RED TRAD 001102002,,GSF2407191102002,0.00,94Q9911,,0,TRAD,-
487820,EMORY U GBS ALGORY,Buy,X9X9USDBLYT6,BLACKROCK TREASURY TRUST INSTL 10,STL - ACTUAL SETTLEMENT,07/25/2024,07/25/2024,07/25/2024,,Un-projected Actual,4.0000,1.000000,(4.00),USD,GSF,-,0.0000,SHORT TERM INVT FUND ON-SHORE,-,X9USDBLYT,0.00,PURCHASE SHORT TERM INVT FUND,Purchase- Cash Equivalent (STF),C/DECL//STIF PUR TRAD 001644321,,GSF2407251644321,0.00,94Q9911,,0,TRAD,-
487820,EMORY U GBS ALGORY,Buy,X9X9USDBLYT6,BLACKROCK TREASURY TRUST INSTL 10,STL - ACTUAL SETTLEMENT,07/26/2024,07/26/2024,07/26/2024,,Un-projected Actual,130.5000,1.000000,(130.50),USD,GSF,-,0.0000,SHORT TERM INVT FUND ON-SHORE,-,X9USDBLYT,0.00,PURCHASE SHORT TERM INVT FUND,Purchase- Cash Equivalent (STF),C/DECL//STIF PUR TRAD 001789851,,GSF2407261789851,0.00,94Q9911,,0,TRAD,-
487820,EMORY U GBS ALGORY,Buy,X9X9USDBLYT6,BLACKROCK TREASURY TRUST INSTL 10,STL - ACTUAL SETTLEMENT,07/31/2024,07/31/2024,07/31/2024,,Un-projected Actual,87.4000,1.000000,(87.40),USD,GSF,-,0.0000,SHORT TERM INVT FUND ON-SHORE,-,X9USDBLYT,0.00,PURCHASE SHORT TERM INVT FUND,Purchase- Cash Equivalent (STF),C/DECL//STIF PUR TRAD 002211381,,GSF2407312211381,0.00,94Q9911,,0,TRAD,-
487820,EMORY U GBS ALGORY,Dividend,US0925285043,ISHARES AAA CLO ACTIVE ETF,STL - POSTED,08/01/2024,08/06/2024,08/06/2024,,Contractual Cash,420.0000,0.000000,106.86,USD,DTC,-,0.0000,-,N,092528504,106.86,-,Dividend,-,-,PSS2408014054866,0.00,BNTF352,08/06/2024,0,-,-
487820,EMORY U GBS ALGORY,Dividend,X9X9USDBLYT6,BLACKROCK TREASURY TRUST INSTL 10,STL - POSTED,08/02/2024,08/02/2024,08/02/2024,,Contractual Cash,0.0000,0.000000,33.37,USD,GSF,-,0.0000,-,N,X9USDBLYT,33.37,-,Dividend,-,-,PSS2408011206874,0.00,94Q9911,08/02/2024,0,-,-
487820,EMORY U GBS ALGORY,Buy,X9X9USDBLYT6,BLACKROCK TREASURY TRUST INSTL 10,STL - ACTUAL SETTLEMENT,08/02/2024,08/02/2024,08/02/2024,,Un-projected Actual,33.3700,1.000000,(33.37),USD,GSF,-,0.0000,SHORT TERM INVT FUND ON-SHORE,-,X9USDBLYT,0.00,PURCHASE SHORT TERM INVT FUND,Purchase- Cash Equivalent (STF),C/DECL//STIF PUR TRAD 002879031,,GSF2408022879031,0.00,94Q9911,,0,TRAD,-
487820,EMORY U GBS ALGORY,Buy,X9X9USDBLYT6,BLACKROCK TREASURY TRUST INSTL 10,STL - ACTUAL SETTLEMENT,08/06/2024,08/06/2024,08/06/2024,,Un-projected Actual,106.8600,1.000000,(106.86),USD,GSF,-,0.0000,SHORT TERM INVT FUND ON-SHORE,-,X9USDBLYT,0.00,PURCHASE SHORT TERM INVT FUND,Purchase- Cash Equivalent (STF),C/DECL//STIF PUR TRAD 003269644,,GSF2408063269644,0.00,94Q9911,,0,TRAD,-
487820,EMORY U GBS ALGORY,Sell,US0378331005,APPLE INC USD 0.00001,STL - ACTUAL SETTLEMENT,08/07/2024,08/08/2024,08/08/2024,,Contractual Cash,(69.0000),206.800000,"14,258.80",USD,DTC,MATCHING INSTRUCTION NOT FOUND RAD AWAITING APPROVAL STEP ACCT   NZA0147500 STEP CLIENT 00016717514GHNYA0001 STEP VENDOR Q9Q6V0,0.0000,PERSHING LLC,STPQ9Q6V0,037833100,0.00,BNY CAPITAL MARKETS INC,Sale,MATCHING INSTRUCTION NOT FOUND,RAD AWAITING APPROVAL,1242200562513,(10.00),2046251,,0,TRAD,-
487820,EMORY U GBS ALGORY,Sell,US26603R1068,DUOLINGO INC USD 0.0001,STL - ACTUAL SETTLEMENT,08/07/2024,08/08/2024,08/08/2024,,Contractual Cash,(6.0000),169.740000,"1,008.41",USD,DTC,MATCHING INSTRUCTION NOT FOUND RAD AWAITING APPROVAL STEP ACCT   NZA0147500 STEP CLIENT 00016717515GHNYA0001 STEP VENDOR Q9Q6V1,0.0000,PERSHING LLC,STPQ9Q6V1,26603R106,0.00,BNY CAPITAL MARKETS INC,Sale,MATCHING INSTRUCTION NOT FOUND,RAD AWAITING APPROVAL,1242200562653,(10.00),BMCM6P4,,0,TRAD,-
487820,EMORY U GBS ALGORY,Buy,X9X9USDBLYT6,BLACKROCK TREASURY TRUST INSTL 10,STL - ACTUAL SETTLEMENT,08/08/2024,08/08/2024,08/08/2024,,Un-projected Actual,"15,267.2100",1.000000,"(15,267.21)",USD,GSF,-,0.0000,SHORT TERM INVT FUND ON-SHORE,-,X9USDBLYT,0.00,PURCHASE SHORT TERM INVT FUND,Purchase- Cash Equivalent (STF),C/DECL//STIF PUR TRAD 003533576,,GSF2408083533576,0.00,94Q9911,,0,TRAD,-
487820,EMORY U GBS ALGORY,Sell,US0925285043,ISHARES AAA CLO ACTIVE ETF,STL - ACTUAL SETTLEMENT,08/13/2024,08/14/2024,08/14/2024,,Contractual Cash,(420.0000),51.750000,"21,724.39",USD,DTC,MATCHING INSTRUCTION NOT FOUND RAD AWAITING APPROVAL STEP ACCT   NZA0147500 STEP CLIENT 00016739006GHNYA0001 STEP VENDOR Q1Y801,0.0000,PERSHING LLC,STPQ1Y801,092528504,0.00,BNY CAPITAL MARKETS INC,Sale- Mutual Fund order,MATCHING INSTRUCTION NOT FOUND,RAD AWAITING APPROVAL,1242260477878,(10.00),BNTF352,,0,TRAD,-
487820,EMORY U GBS ALGORY,Buy,US67066G1040,NVIDIA CORP USD 0.001,STL - ACTUAL SETTLEMENT,08/13/2024,08/14/2024,08/14/2024,,Contractual Cash,66.0000,112.400000,"(7,428.40)",USD,DTC,INSTRUCTION HAS BEEN MATCHED STEP ACCT   NZA0147500 STEP CLIENT 00016739007GHNYA0001 STEP VENDOR Q1Y803,0.0000,PERSHING LLC,STPQ1Y803,67066G104,0.00,BNY CAPITAL MARKETS INC,Purchase,INSTRUCTION HAS BEEN MATCHED,1242270042243,1242260480649,(10.00),2379504,,0,TRAD,-
487820,EMORY U GBS ALGORY,Buy,US6701002056,NOVO-NORDISK A S DKK 10.0 ADR,STL - ACTUAL SETTLEMENT,08/13/2024,08/14/2024,08/14/2024,,Contractual Cash,6.0000,131.560000,(799.36),USD,DTC,"INSUFFICIENT MONEY PENDING, PENDING DEBIT CAP STEP ACCT   NZA0147500 STEP CLIENT 00016739005GHNYA0001 STEP VENDOR Q1Y802",0.0000,PERSHING LLC,STPQ1Y802,670100205,0.00,BNY CAPITAL MARKETS INC,Purchase,INSUFFICIENT MONEY,"PENDING, PENDING DEBIT CAP",1242260480664,(10.00),2651202,,0,TRAD,-
487820,EMORY U GBS ALGORY,Buy,US5324571083,LILLY ELI + CO NPV,STL - ACTUAL SETTLEMENT,08/13/2024,08/14/2024,08/14/2024,,Contractual Cash,2.0000,895.000000,"(1,800.00)",USD,DTC,"INSUFFICIENT MONEY PENDING, PENDING DEBIT CAP STEP ACCT   NZA0147500 STEP CLIENT 00016739004GHNYA0001 STEP VENDOR Q1Y800",0.0000,PERSHING LLC,STPQ1Y800,532457108,0.00,BNY CAPITAL MARKETS INC,Purchase,INSUFFICIENT MONEY,"PENDING, PENDING DEBIT CAP",1242260480795,(10.00),2516152,,0,TRAD,-
487820,EMORY U GBS ALGORY,Dividend,US6701002056,NOVO-NORDISK A S DKK 10.0 ADR,STL - POSTED,08/16/2024,08/26/2024,08/26/2024,,Contractual Cash,6.0000,0.000000,2.17,USD,DTC,-,0.0000,-,N,670100205,3.10,-,Dividend,-,-,PSS2408144033610,0.00,2651202,08/26/2024,0,-,-
487820,EMORY U GBS ALGORY,Dividend,US5324571083,LILLY ELI + CO NPV,STL - POSTED,08/15/2024,09/10/2024,09/10/2024,,Contractual Cash,2.0000,0.000000,2.60,USD,DTC,-,0.0000,-,N,532457108,2.60,-,Dividend,-,-,PSS2408144033843,0.00,2516152,09/10/2024,0,-,-
487820,EMORY U GBS ALGORY,Buy,X9X9USDBLYT6,BLACKROCK TREASURY TRUST INSTL 10,STL - ACTUAL SETTLEMENT,08/14/2024,08/14/2024,08/14/2024,,Un-projected Actual,"11,696.6300",1.000000,"(11,696.63)",USD,GSF,-,0.0000,SHORT TERM INVT FUND ON-SHORE,-,X9USDBLYT,0.00,PURCHASE SHORT TERM INVT FUND,Purchase- Cash Equivalent (STF),C/DECL//STIF PUR TRAD 000059842,,GSF2408140059842,0.00,94Q9911,,0,TRAD,-
487820,EMORY U GBS ALGORY,Dividend,US5949181045,MICROSOFT COM USD0.00000625,STL - POSTED,08/15/2024,09/12/2024,09/12/2024,,Contractual Cash,36.0000,0.000000,27.00,USD,DTC,-,0.0000,-,N,594918104,27.00,-,Dividend,-,-,PSS2408144319830,0.00,2588173,09/12/2024,0,-,-
487820,EMORY U GBS ALGORY,Sell,US01609W1027,ALIBABA GROUP HLDG USD 0.000025 ADR,STL - ACTUAL SETTLEMENT,08/19/2024,08/20/2024,08/20/2024,,Contractual Cash,(34.0000),84.410000,"2,859.86",USD,DTC,MATCHING INSTRUCTION NOT FOUND RAD AWAITING APPROVAL STEP ACCT   NZA0147500 STEP CLIENT 00016768885GHNYA0001 STEP VENDOR Q3YFUB,0.0000,PERSHING LLC,STPQ3YFUB,01609W102,0.00,BNY CAPITAL MARKETS INC,Sale,MATCHING INSTRUCTION NOT FOUND,RAD AWAITING APPROVAL,1242320483952,(10.00),BP41ZD1,,0,TRAD,-
487820,EMORY U GBS ALGORY,Buy,X9X9USDBLYT6,BLACKROCK TREASURY TRUST INSTL 10,STL - ACTUAL SETTLEMENT,08/20/2024,08/20/2024,08/20/2024,,Un-projected Actual,"2,859.8600",1.000000,"(2,859.86)",USD,GSF,-,0.0000,SHORT TERM INVT FUND ON-SHORE,-,X9USDBLYT,0.00,PURCHASE SHORT TERM INVT FUND,Purchase- Cash Equivalent (STF),C/DECL//STIF PUR TRAD 000633919,,GSF2408200633919,0.00,94Q9911,,0,TRAD,-
487820,EMORY U GBS ALGORY,Buy,X9X9USDBLYT6,BLACKROCK TREASURY TRUST INSTL 10,STL - ACTUAL SETTLEMENT,08/26/2024,08/26/2024,08/26/2024,,Un-projected Actual,2.1700,1.000000,(2.17),USD,GSF,-,0.0000,SHORT TERM INVT FUND ON-SHORE,-,X9USDBLYT,0.00,PURCHASE SHORT TERM INVT FUND,Purchase- Cash Equivalent (STF),C/DECL//STIF PUR TRAD 001164525,,GSF2408261164525,0.00,94Q9911,,0,TRAD,-
487820,EMORY U GBS ALGORY,Sell,US79466L3024,SALESFORCE INC USD 0.001,STL - ACTUAL SETTLEMENT,08/26/2024,08/27/2024,08/27/2024,,Contractual Cash,(10.0000),263.940000,"2,629.32",USD,DTC,MATCHING INSTRUCTION NOT FOUND RAD AWAITING APPROVAL STEP ACCT   NZA0147500 STEP CLIENT 00016794767GHNYA0001 STEP VENDOR Q6GGKD,0.0000,PERSHING LLC,STPQ6GGKD,79466L302,0.00,BNY CAPITAL MARKETS INC,Sale,MATCHING INSTRUCTION NOT FOUND,RAD AWAITING APPROVAL,1242390444824,(10.00),2310525,,0,TRAD,-
487820,EMORY U GBS ALGORY,Buy,X9X9USDBLYT6,BLACKROCK TREASURY TRUST INSTL 10,STL - ACTUAL SETTLEMENT,08/27/2024,08/27/2024,08/27/2024,,Un-projected Actual,"2,629.3200",1.000000,"(2,629.32)",USD,GSF,-,0.0000,SHORT TERM INVT FUND ON-SHORE,-,X9USDBLYT,0.00,PURCHASE SHORT TERM INVT FUND,Purchase- Cash Equivalent (STF),C/DECL//STIF PUR TRAD 001298621,,GSF2408271298621,0.00,94Q9911,,0,TRAD,-
487820,EMORY U GBS ALGORY,Dividend,X9X9USDBLYT6,BLACKROCK TREASURY TRUST INSTL 10,STL - POSTED,09/04/2024,09/04/2024,09/04/2024,,Contractual Cash,0.0000,0.000000,109.35,USD,GSF,-,0.0000,-,N,X9USDBLYT,109.35,-,Dividend,-,-,PSS2409031180905,0.00,94Q9911,09/04/2024,0,-,-
487820,EMORY U GBS ALGORY,Buy,X9X9USDBLYT6,BLACKROCK TREASURY TRUST INSTL 10,STL - ACTUAL SETTLEMENT,09/04/2024,09/04/2024,09/04/2024,,Un-projected Actual,109.3500,1.000000,(109.35),USD,GSF,-,0.0000,SHORT TERM INVT FUND ON-SHORE,-,X9USDBLYT,0.00,PURCHASE SHORT TERM INVT FUND,Purchase- Cash Equivalent (STF),C/DECL//STIF PUR TRAD 002435571,,GSF2409042435571,0.00,94Q9911,,0,TRAD,-
487820,EMORY U GBS ALGORY,Sell,US94419L1017,WAYFAIR INC USD 0.001,STL - ACTUAL SETTLEMENT,09/09/2024,09/10/2024,09/10/2024,,Contractual Cash,(59.0000),42.990000,"2,526.33",USD,DTC,MATCHING INSTRUCTION NOT FOUND RAD AWAITING APPROVAL STEP ACCT   NZA0147500 STEP CLIENT 00016879532GHNYA0001 STEP VENDOR Q1X2M3,0.0000,PERSHING LLC,STPQ1X2M3,94419L101,0.00,BNY CAPITAL MARKETS INC,Sale,MATCHING INSTRUCTION NOT FOUND,RAD AWAITING APPROVAL,1242530500615,(10.00),BQXZP64,,0,TRAD,-
487820,EMORY U GBS ALGORY,Buy,X9X9USDBLYT6,BLACKROCK TREASURY TRUST INSTL 10,STL - ACTUAL SETTLEMENT,09/10/2024,09/10/2024,09/10/2024,,Un-projected Actual,"2,528.9300",1.000000,"(2,528.93)",USD,GSF,-,0.0000,SHORT TERM INVT FUND ON-SHORE,-,X9USDBLYT,0.00,PURCHASE SHORT TERM INVT FUND,Purchase- Cash Equivalent (STF),C/DECL//STIF PUR TRAD 003091040,,GSF2409103091040,0.00,94Q9911,,0,TRAD,-
487820,EMORY U GBS ALGORY,Dividend,US67066G1040,NVIDIA CORP USD 0.001,STL - POSTED,09/12/2024,10/03/2024,10/03/2024,,Contractual Cash,90.0000,0.000000,0.90,USD,DTC,-,0.0000,-,N,67066G104,0.90,-,Dividend,-,-,PSS2409114292612,0.00,2379504,10/03/2024,0,-,-
487820,EMORY U GBS ALGORY,Dividend,US30303M1027,META PLATFORMS INC USD 0.000006,STL - POSTED,09/16/2024,09/26/2024,09/26/2024,,Contractual Cash,27.0000,0.000000,13.50,USD,DTC,-,0.0000,-,N,30303M102,13.50,-,Dividend,-,-,PSS2409114310778,0.00,B7TL820,09/26/2024,0,-,-
487820,EMORY U GBS ALGORY,Buy,X9X9USDBLYT6,BLACKROCK TREASURY TRUST INSTL 10,STL - ACTUAL SETTLEMENT,09/12/2024,09/12/2024,09/12/2024,,Un-projected Actual,27.0000,1.000000,(27.00),USD,GSF,-,0.0000,SHORT TERM INVT FUND ON-SHORE,-,X9USDBLYT,0.00,PURCHASE SHORT TERM INVT FUND,Purchase- Cash Equivalent (STF),C/DECL//STIF PUR TRAD 003349247,,GSF2409123349247,0.00,94Q9911,,0,TRAD,-
487820,EMORY U GBS ALGORY,Buy,X9X9USDBLYT6,BLACKROCK TREASURY TRUST INSTL 10,STL - ACTUAL SETTLEMENT,09/26/2024,09/26/2024,09/26/2024,,Un-projected Actual,13.5000,1.000000,(13.50),USD,GSF,-,0.0000,SHORT TERM INVT FUND ON-SHORE,-,X9USDBLYT,0.00,PURCHASE SHORT TERM INVT FUND,Purchase- Cash Equivalent (STF),C/DECL//STIF PUR TRAD 000798493,,GSF2409260798493,0.00,94Q9911,,0,TRAD,-
487820,EMORY U GBS ALGORY,Dividend,X9X9USDBLYT6,BLACKROCK TREASURY TRUST INSTL 10,STL - POSTED,10/02/2024,10/02/2024,10/02/2024,,Contractual Cash,0.0000,0.000000,161.74,USD,GSF,-,0.0000,-,N,X9USDBLYT,161.74,-,Dividend,-,-,PSS2410011244918,0.00,94Q9911,10/02/2024,0,-,-
487820,EMORY U GBS ALGORY,Buy,X9X9USDBLYT6,BLACKROCK TREASURY TRUST INSTL 10,STL - ACTUAL SETTLEMENT,10/02/2024,10/02/2024,10/02/2024,,Un-projected Actual,161.7400,1.000000,(161.74),USD,GSF,-,0.0000,SHORT TERM INVT FUND ON-SHORE,-,X9USDBLYT,0.00,PURCHASE SHORT TERM INVT FUND,Purchase- Cash Equivalent (STF),C/DECL//STIF PUR TRAD 001788766,,GSF2410021788766,0.00,94Q9911,,0,TRAD,-
487820,EMORY U GBS ALGORY,Buy,X9X9USDBLYT6,BLACKROCK TREASURY TRUST INSTL 10,STL - ACTUAL SETTLEMENT,10/03/2024,10/03/2024,10/03/2024,,Un-projected Actual,0.9000,1.000000,(0.90),USD,GSF,-,0.0000,SHORT TERM INVT FUND ON-SHORE,-,X9USDBLYT,0.00,PURCHASE SHORT TERM INVT FUND,Purchase- Cash Equivalent (STF),C/DECL//STIF PUR TRAD 002024104,,GSF2410032024104,0.00,94Q9911,,0,TRAD,-
487820,EMORY U GBS ALGORY,Dividend,US46625H1005,JPMORGAN CHASE + CO USD 1.0,STL - POSTED,10/04/2024,10/31/2024,10/31/2024,,Contractual Cash,76.0000,0.000000,95.00,USD,DTC,-,0.0000,-,N,46625H100,95.00,-,Dividend,-,-,PSS2410034185922,0.00,2190385,10/31/2024,0,-,-
487820,EMORY U GBS ALGORY,Buy,US88032Q1094,TENCENT HLDGS LTD NPV ADR,STL - ACTUAL SETTLEMENT,10/08/2024,10/09/2024,10/09/2024,,Contractual Cash,52.0000,57.660000,"(3,008.32)",USD,DTC,NARRATIVE REASON PENDED BY COUNTERPARTY STEP ACCT   NZA0147500 STEP CLIENT 00017094141GHNYA0001 STEP VENDOR Q3QQ29,0.0000,PERSHING LLC,STPQ3QQ29,88032Q109,0.00,BNY CAPITAL MARKETS INC,Purchase,NARRATIVE REASON,PENDED BY COUNTERPARTY,1242820522380,(10.00),B3F2DZ7,,0,TRAD,-
487820,EMORY U GBS ALGORY,Buy,US75734B1008,REDDIT INC USD 0.0001,STL - ACTUAL SETTLEMENT,10/08/2024,10/09/2024,10/09/2024,,Contractual Cash,41.0000,71.900000,"(2,957.90)",USD,DTC,INSTRUCTION HAS BEEN MATCHED STEP ACCT   NZA0147500 STEP CLIENT 00017094140GHNYA0001 STEP VENDOR Q3QQ28,0.0000,PERSHING LLC,STPQ3QQ28,75734B100,0.00,BNY CAPITAL MARKETS INC,Purchase,INSTRUCTION HAS BEEN MATCHED,1242830029209,1242820522500,(10.00),BMVNLY2,,0,TRAD,-
487820,EMORY U GBS ALGORY,Buy,US7710491033,ROBLOX CORP USD 0.0001,STL - ACTUAL SETTLEMENT,10/08/2024,10/09/2024,10/09/2024,,Contractual Cash,25.0000,39.855200,"(1,006.38)",USD,DTC,NARRATIVE REASON PENDED BY COUNTERPARTY STEP ACCT   NZA0147500 STEP CLIENT 00017094142GHNYA0001 STEP VENDOR Q3QQ3A,0.0000,PERSHING LLC,STPQ3QQ3A,771049103,0.00,BNY CAPITAL MARKETS INC,Purchase,NARRATIVE REASON,PENDED BY COUNTERPARTY,1242820522575,(10.00),BMWBC20,,0,TRAD,-
487820,EMORY U GBS ALGORY,Sell,X9X9USDBLYT6,BLACKROCK TREASURY TRUST INSTL 10,STL - ACTUAL SETTLEMENT,10/09/2024,10/09/2024,10/09/2024,,Un-projected Actual,"(6,972.6000)",1.000000,"6,972.60",USD,GSF,-,0.0000,SHORT TERM INVT FUND ON-SHORE,-,X9USDBLYT,0.00,-,Sale- Cash Equivalent(STF),C/DECL//STIF RED TRAD 002610473,,GSF2410092610473,0.00,94Q9911,,0,TRAD,-
487820,EMORY U GBS ALGORY,Buy,US25401T6038,DIGITALBRIDGE GROUP INC USD 0.01,STL - ACTUAL SETTLEMENT,10/21/2024,10/22/2024,10/22/2024,,Contractual Cash,215.0000,15.968000,"(3,443.12)",USD,DTC,INSTRUCTION HAS BEEN MATCHED STEP ACCT   NZA0147500 STEP CLIENT 00017159930GHNYA0001 STEP VENDOR Q8ILEJ,0.0000,PERSHING LLC,STPQ8ILEJ,25401T603,0.00,BNY CAPITAL MARKETS INC,Purchase,INSTRUCTION HAS BEEN MATCHED,1242960032658,1242950537320,(10.00),BPW6ZP0,,0,TRAD,-
487820,EMORY U GBS ALGORY,Sell,X9X9USDBLYT6,BLACKROCK TREASURY TRUST INSTL 10,STL - ACTUAL SETTLEMENT,10/22/2024,10/22/2024,10/22/2024,,Un-projected Actual,"(3,443.1200)",1.000000,"3,443.12",USD,GSF,-,0.0000,SHORT TERM INVT FUND ON-SHORE,-,X9USDBLYT,0.00,-,Sale- Cash Equivalent(STF),C/DECL//STIF RED TRAD 003816431,,GSF2410223816431,0.00,94Q9911,,0,TRAD,-
487820,EMORY U GBS ALGORY,Buy,US16679L1098,CHEWY INC USD 0.01,STL - ACTUAL SETTLEMENT,10/22/2024,10/23/2024,10/23/2024,,Contractual Cash,100.0000,27.710000,"(2,781.00)",USD,DTC,INSTRUCTION HAS BEEN MATCHED STEP ACCT   NZA0147500 STEP CLIENT 00017165568GHNYA0001 STEP VENDOR Q80W4W,0.0000,PERSHING LLC,STPQ80W4W,16679L109,0.00,BNY CAPITAL MARKETS INC,Purchase,INSTRUCTION HAS BEEN MATCHED,1242970024606,1242960500132,(10.00),BJLFHW7,,0,TRAD,-
487820,EMORY U GBS ALGORY,Sell,US3364331070,FIRST SOLA COM STK USD0.001,STL - ACTUAL SETTLEMENT,10/22/2024,10/23/2024,10/23/2024,,Contractual Cash,(18.0000),201.870000,"3,623.55",USD,DTC,MATCHING INSTRUCTION NOT FOUND RAD AWAITING APPROVAL STEP ACCT   NZA0147500 STEP CLIENT 00017165569GHNYA0001 STEP VENDOR Q80W4V,0.0000,PERSHING LLC,STPQ80W4V,336433107,0.00,BNY CAPITAL MARKETS INC,Sale,MATCHING INSTRUCTION NOT FOUND,RAD AWAITING APPROVAL,1242960500402,(10.00),B1HMF22,,0,TRAD,-
487820,EMORY U GBS ALGORY,Buy,X9X9USDBLYT6,BLACKROCK TREASURY TRUST INSTL 10,STL - ACTUAL SETTLEMENT,10/23/2024,10/23/2024,10/23/2024,,Un-projected Actual,842.5500,1.000000,(842.55),USD,GSF,-,0.0000,SHORT TERM INVT FUND ON-SHORE,-,X9USDBLYT,0.00,PURCHASE SHORT TERM INVT FUND,Purchase- Cash Equivalent (STF),C/DECL//STIF PUR TRAD 003944298,,GSF2410233944298,0.00,94Q9911,,0,TRAD,-
487820,EMORY U GBS ALGORY,Buy,US25401T6038,DIGITALBRIDGE GROUP INC USD 0.01,STL - ACTUAL SETTLEMENT,10/29/2024,10/30/2024,10/30/2024,,Contractual Cash,235.0000,16.597617,"(3,910.44)",USD,DTC,INSTRUCTION HAS BEEN MATCHED STEP ACCT   NZA0147500 STEP CLIENT 00017202362GHNYA0001 STEP VENDOR Q1Y6DP,0.0000,PERSHING LLC,STPQ1Y6DP,25401T603,0.00,BNY CAPITAL MARKETS INC,Purchase,INSTRUCTION HAS BEEN MATCHED,1243040033405,1243030507339,(10.00),BPW6ZP0,,0,TRAD,-
487820,EMORY U GBS ALGORY,Sell,X9X9USDBLYT6,BLACKROCK TREASURY TRUST INSTL 10,STL - ACTUAL SETTLEMENT,10/30/2024,10/30/2024,10/30/2024,,Un-projected Actual,"(3,910.4400)",1.000000,"3,910.44",USD,GSF,-,0.0000,SHORT TERM INVT FUND ON-SHORE,-,X9USDBLYT,0.00,-,Sale- Cash Equivalent(STF),C/DECL//STIF RED TRAD 000629759,,GSF2410300629759,0.00,94Q9911,,0,TRAD,-
487820,EMORY U GBS ALGORY,Sell,US3364331070,FIRST SOLA COM STK USD0.001,STL - ACTUAL SETTLEMENT,10/30/2024,10/31/2024,10/31/2024,,Contractual Cash,(5.0000),196.490000,972.42,USD,DTC,MATCHING INSTRUCTION NOT FOUND RAD AWAITING APPROVAL STEP ACCT   NZA0147500 STEP CLIENT 00017207713GHNYA0001 STEP VENDOR Q2JTI7,0.0000,PERSHING LLC,STPQ2JTI7,336433107,0.00,BNY CAPITAL MARKETS INC,Sale,MATCHING INSTRUCTION NOT FOUND,RAD AWAITING APPROVAL,1243040509117,(10.00),B1HMF22,,0,TRAD,-
487820,EMORY U GBS ALGORY,Sell,US94419L1017,WAYFAIR INC USD 0.001,STL - ACTUAL SETTLEMENT,10/30/2024,10/31/2024,10/31/2024,,Contractual Cash,(58.0000),43.780173,"2,529.17",USD,DTC,MATCHING INSTRUCTION NOT FOUND RAD AWAITING APPROVAL STEP ACCT   NZA0147500 STEP CLIENT 00017207711GHNYA0001 STEP VENDOR Q2JTI5,0.0000,PERSHING LLC,STPQ2JTI5,94419L101,0.00,BNY CAPITAL MARKETS INC,Sale,MATCHING INSTRUCTION NOT FOUND,RAD AWAITING APPROVAL,1243040509401,(10.00),BQXZP64,,0,TRAD,-
487820,EMORY U GBS ALGORY,Sell,US88032Q1094,TENCENT HLDGS LTD NPV ADR,STL - ACTUAL SETTLEMENT,10/30/2024,10/31/2024,10/31/2024,,Contractual Cash,(52.0000),53.010000,"2,746.44",USD,DTC,MATCHING INSTRUCTION NOT FOUND RAD AWAITING APPROVAL STEP ACCT   NZA0147500 STEP CLIENT 00017207712GHNYA0001 STEP VENDOR Q2JTI6,0.0000,PERSHING LLC,STPQ2JTI6,88032Q109,0.00,BNY CAPITAL MARKETS INC,Sale,MATCHING INSTRUCTION NOT FOUND,RAD AWAITING APPROVAL,1243040509576,(10.00),B3F2DZ7,,0,TRAD,-
487820,EMORY U GBS ALGORY,Buy,X9X9USDBLYT6,BLACKROCK TREASURY TRUST INSTL 10,STL - ACTUAL SETTLEMENT,10/31/2024,10/31/2024,10/31/2024,,Un-projected Actual,"6,343.0300",1.000000,"(6,343.03)",USD,GSF,-,0.0000,SHORT TERM INVT FUND ON-SHORE,-,X9USDBLYT,0.00,PURCHASE SHORT TERM INVT FUND,Purchase- Cash Equivalent (STF),C/DECL//STIF PUR TRAD 000790237,,GSF2410310790237,0.00,94Q9911,,0,TRAD,-
487820,EMORY U GBS ALGORY,Dividend,X9X9USDBLYT6,BLACKROCK TREASURY TRUST INSTL 10,STL - POSTED,11/04/2024,11/04/2024,11/04/2024,,Contractual Cash,0.0000,0.000000,136.91,USD,GSF,-,0.0000,-,N,X9USDBLYT,136.91,-,Dividend,-,-,PSS2411011227574,0.00,94Q9911,11/04/2024,0,-,-
487820,EMORY U GBS ALGORY,Buy,X9X9USDBLYT6,BLACKROCK TREASURY TRUST INSTL 10,STL - ACTUAL SETTLEMENT,11/04/2024,11/04/2024,11/04/2024,,Un-projected Actual,136.9100,1.000000,(136.91),USD,GSF,-,0.0000,SHORT TERM INVT FUND ON-SHORE,-,X9USDBLYT,0.00,PURCHASE SHORT TERM INVT FUND,Purchase- Cash Equivalent (STF),C/DECL//STIF PUR TRAD 001471317,,GSF2411041471317,0.00,94Q9911,,0,TRAD,-
487820,EMORY U GBS ALGORY,Sell,US16679L1098,CHEWY INC USD 0.01,STL - ACTUAL SETTLEMENT,11/11/2024,11/12/2024,11/12/2024,,Contractual Cash,(100.0000),33.491100,"3,339.01",USD,DTC,MATCHING INSTRUCTION NOT FOUND RAD AWAITING APPROVAL STEP ACCT   NZA0147500 STEP CLIENT 00017348386GHNYA0001 STEP VENDOR Q8PQZJ,0.0000,PERSHING LLC,STPQ8PQZJ,16679L109,0.00,BNY CAPITAL MARKETS INC,Sale,MATCHING INSTRUCTION NOT FOUND,RAD AWAITING APPROVAL,1243160323259,(10.00),BJLFHW7,,0,TRAD,-
487820,EMORY U GBS ALGORY,Buy,US91324P1021,UNITEDHEALTH GROUP INC USD 0.01,STL - ACTUAL SETTLEMENT,11/11/2024,11/12/2024,11/12/2024,,Contractual Cash,5.0000,626.010000,"(3,140.05)",USD,DTC,NARRATIVE REASON PENDED BY COUNTERPARTY STEP ACCT   NZA0147500 STEP CLIENT 00017348641GHNYA0001 STEP VENDOR Q8PQZM,0.0000,PERSHING LLC,STPQ8PQZM,91324P102,0.00,BNY CAPITAL MARKETS INC,Purchase,NARRATIVE REASON,PENDED BY COUNTERPARTY,1243160323410,(10.00),2917766,,0,TRAD,-
487820,EMORY U GBS ALGORY,Buy,US3825501014,GOODYEAR TIRE + RUBR CO NPV,STL - ACTUAL SETTLEMENT,11/11/2024,11/12/2024,11/12/2024,,Contractual Cash,100.0000,9.738900,(983.89),USD,DTC,"INSUFFICIENT MONEY PENDING, PENDING DEBIT CAP STEP ACCT   NZA0147500 STEP CLIENT 00017348855GHNYA0001 STEP VENDOR Q8PQZ3",0.0000,PERSHING LLC,STPQ8PQZ3,382550101,0.00,BNY CAPITAL MARKETS INC,Purchase,INSUFFICIENT MONEY,"PENDING, PENDING DEBIT CAP",1243160323711,(10.00),2378200,,0,TRAD,-
487820,EMORY U GBS ALGORY,Buy,US81783H1059,SEVEN + I HLDGS CO LTD NPV ADR,STL - ACTUAL SETTLEMENT,11/11/2024,11/12/2024,11/12/2024,,Contractual Cash,200.0000,14.370000,"(2,884.00)",USD,DTC,"INSUFFICIENT MONEY PENDING, PENDING DEBIT CAP STEP ACCT   NZA0147500 STEP CLIENT 00017348384GHNYA0001 STEP VENDOR Q8PQZH",0.0000,PERSHING LLC,STPQ8PQZH,81783H105,0.00,BNY CAPITAL MARKETS INC,Purchase,INSUFFICIENT MONEY,"PENDING, PENDING DEBIT CAP",1243160324114,(10.00),B3DTT41,,0,TRAD,-
487820,EMORY U GBS ALGORY,Sell,US25401T6038,DIGITALBRIDGE GROUP INC USD 0.01,STL - ACTUAL SETTLEMENT,11/11/2024,11/12/2024,11/12/2024,,Contractual Cash,(225.0000),12.371112,"2,773.42",USD,DTC,MATCHING INSTRUCTION NOT FOUND RAD AWAITING APPROVAL STEP ACCT   NZA0147500 STEP CLIENT 00017348385GHNYA0001 STEP VENDOR Q8PQZI,0.0000,PERSHING LLC,STPQ8PQZI,25401T603,0.00,BNY CAPITAL MARKETS INC,Sale,MATCHING INSTRUCTION NOT FOUND,RAD AWAITING APPROVAL,1243160324473,(10.00),BPW6ZP0,,0,TRAD,-
487820,EMORY U GBS ALGORY,Buy,US0942351083,BLOOMIN BRANDS INC USD 0.01,STL - ACTUAL SETTLEMENT,11/11/2024,11/12/2024,11/12/2024,,Contractual Cash,75.0000,13.805067,"(1,045.38)",USD,DTC,NARRATIVE REASON PENDED BY COUNTERPARTY STEP ACCT   NZA0147500 STEP CLIENT 00017348642GHNYA0001 STEP VENDOR Q8PQZN,0.0000,PERSHING LLC,STPQ8PQZN,094235108,0.00,BNY CAPITAL MARKETS INC,Purchase,NARRATIVE REASON,PENDED BY COUNTERPARTY,1243160324560,(10.00),B847RJ0,,0,TRAD,-
487820,EMORY U GBS ALGORY,Sell,US0846707026,BERKSHIRE HATHAWAY INC SH B 0.0033,STL - ACTUAL SETTLEMENT,11/11/2024,11/12/2024,11/12/2024,,Contractual Cash,(40.0000),468.450000,"18,727.47",USD,DTC,"COUNTERPARTY INSUFFICIENT MONEY PENDING, PENDING DEBIT CAP STEP ACCT   NZA0147500 STEP CLIENT 00017348640GHNYA0001 STEP VENDOR Q8PQZL",0.0000,PERSHING LLC,STPQ8PQZL,084670702,0.00,BNY CAPITAL MARKETS INC,Sale,COUNTERPARTY INSUFFICIENT MONEY,"PENDING, PENDING DEBIT CAP",1243160324710,(10.00),2073390,,0,TRAD,-
487820,EMORY U GBS ALGORY,Buy,X9X9USDBLYT6,BLACKROCK TREASURY TRUST INSTL 10,STL - ACTUAL SETTLEMENT,11/12/2024,11/12/2024,11/12/2024,,Un-projected Actual,"16,786.5800",1.000000,"(16,786.58)",USD,GSF,-,0.0000,SHORT TERM INVT FUND ON-SHORE,-,X9USDBLYT,0.00,PURCHASE SHORT TERM INVT FUND,Purchase- Cash Equivalent (STF),C/DECL//STIF PUR TRAD 002307975,,GSF2411122307975,0.00,94Q9911,,0,TRAD,-
487820,EMORY U GBS ALGORY,Sell,US81783H1059,SEVEN + I HLDGS CO LTD NPV ADR,STL - ACTUAL SETTLEMENT,11/13/2024,11/14/2024,11/14/2024,,Contractual Cash,(100.0000),16.000000,"1,589.95",USD,DTC,MATCHING INSTRUCTION NOT FOUND RAD AWAITING APPROVAL STEP ACCT   NZA0147500 STEP CLIENT 00017376798GHNYA0001 STEP VENDOR Q0H3QJ,0.0000,PERSHING LLC,STPQ0H3QJ,81783H105,0.00,BNY CAPITAL MARKETS INC,Sale,MATCHING INSTRUCTION NOT FOUND,RAD AWAITING APPROVAL,1243180581545,(10.00),B3DTT41,,0,TRAD,-
487820,EMORY U GBS ALGORY,Buy,X9X9USDBLYT6,BLACKROCK TREASURY TRUST INSTL 10,STL - ACTUAL SETTLEMENT,11/14/2024,11/14/2024,11/14/2024,,Un-projected Actual,"1,589.9500",1.000000,"(1,589.95)",USD,GSF,-,0.0000,SHORT TERM INVT FUND ON-SHORE,-,X9USDBLYT,0.00,PURCHASE SHORT TERM INVT FUND,Purchase- Cash Equivalent (STF),C/DECL//STIF PUR TRAD 002574095,,GSF2411142574095,0.00,94Q9911,,0,TRAD,-
487820,EMORY U GBS ALGORY,Dividend,US5324571083,LILLY ELI + CO NPV,STL - POSTED,11/15/2024,12/10/2024,12/10/2024,,Contractual Cash,2.0000,0.000000,2.60,USD,DTC,-,0.0000,-,N,532457108,2.60,-,Dividend,-,-,PSS2411144383792,0.00,2516152,12/10/2024,0,-,-
487820,EMORY U GBS ALGORY,Buy,US69608A1088,PALANTIR TECHNOLOGIES INC USD 0.001,STL - ACTUAL SETTLEMENT,11/18/2024,11/19/2024,11/19/2024,,Contractual Cash,150.0000,61.928400,"(9,299.26)",USD,DTC,INSTRUCTION HAS BEEN MATCHED STEP ACCT   NZA0147500 STEP CLIENT 00017407572GHNYA0001 STEP VENDOR Q2LBPS,0.0000,PERSHING LLC,STPQ2LBPS,69608A108,0.00,BNY CAPITAL MARKETS INC,Purchase,INSTRUCTION HAS BEEN MATCHED,1243240045283,1243230561783,(10.00),BN78DQ4,,0,TRAD,-
487820,EMORY U GBS ALGORY,Buy,US8334451098,SNOWFLAKE INC USD 1.0,STL - ACTUAL SETTLEMENT,11/18/2024,11/19/2024,11/19/2024,,Contractual Cash,30.0000,126.530000,"(3,805.90)",USD,DTC,"INSUFFICIENT MONEY PENDING, PENDING DEBIT CAP STEP ACCT   NZA0147500 STEP CLIENT 00017407477GHNYA0001 STEP VENDOR Q2LBPK",0.0000,PERSHING LLC,STPQ2LBPK,833445109,0.00,BNY CAPITAL MARKETS INC,Purchase,INSUFFICIENT MONEY,"PENDING, PENDING DEBIT CAP",1243230561891,(10.00),BN134B7,,0,TRAD,-
487820,EMORY U GBS ALGORY,Sell,X9X9USDBLYT6,BLACKROCK TREASURY TRUST INSTL 10,STL - ACTUAL SETTLEMENT,11/19/2024,11/19/2024,11/19/2024,,Un-projected Actual,"(13,105.1600)",1.000000,"13,105.16",USD,GSF,-,0.0000,SHORT TERM INVT FUND ON-SHORE,-,X9USDBLYT,0.00,-,Sale- Cash Equivalent(STF),C/DECL//STIF RED TRAD 003009339,,GSF2411193009339,0.00,94Q9911,,0,TRAD,-
487820,EMORY U GBS ALGORY,Sell,US3825501014,GOODYEAR TIRE + RUBR CO NPV,STL - ACTUAL SETTLEMENT,11/20/2024,11/21/2024,11/21/2024,,Contractual Cash,(100.0000),9.060900,896.06,USD,DTC,MATCHING INSTRUCTION NOT FOUND RAD AWAITING APPROVAL STEP ACCT   NZA0147500 STEP CLIENT 00017426208GHNYA0001 STEP VENDOR Q32VGF,0.0000,PERSHING LLC,STPQ32VGF,382550101,0.00,BNY CAPITAL MARKETS INC,Sale,MATCHING INSTRUCTION NOT FOUND,RAD AWAITING APPROVAL,1243250536340,(10.00),2378200,,0,TRAD,-
487820,EMORY U GBS ALGORY,Sell,US0942351083,BLOOMIN BRANDS INC USD 0.01,STL - ACTUAL SETTLEMENT,11/20/2024,11/21/2024,11/21/2024,,Contractual Cash,(75.0000),12.300134,912.48,USD,DTC,MATCHING INSTRUCTION NOT FOUND RAD AWAITING APPROVAL STEP ACCT   NZA0147500 STEP CLIENT 00017426207GHNYA0001 STEP VENDOR Q32VGE,0.0000,PERSHING LLC,STPQ32VGE,094235108,0.00,BNY CAPITAL MARKETS INC,Sale,MATCHING INSTRUCTION NOT FOUND,RAD AWAITING APPROVAL,1243250536354,(10.00),B847RJ0,,0,TRAD,-
487820,EMORY U GBS ALGORY,Buy,MHY235921357,EUROSEAS LTD USD 0.03,STL - ACTUAL SETTLEMENT,11/20/2024,11/21/2024,11/21/2024,,Contractual Cash,35.0000,42.185143,"(1,486.48)",USD,DTC,INSTRUCTION HAS BEEN MATCHED STEP ACCT   NZA0147500 STEP CLIENT 00017426209GHNYA0001 STEP VENDOR Q32VGG,0.0000,PERSHING LLC,STPQ32VGG,Y23592135,0.00,BNY CAPITAL MARKETS INC,Purchase,INSTRUCTION HAS BEEN MATCHED,1243260037374,1243250538494,(10.00),BJRFSM8,,0,TRAD,-
487820,EMORY U GBS ALGORY,Buy,US81783H1059,SEVEN + I HLDGS CO LTD NPV ADR,STL - ACTUAL SETTLEMENT,11/20/2024,11/21/2024,11/21/2024,,Contractual Cash,100.0000,16.720000,"(1,682.00)",USD,DTC,INSTRUCTION HAS BEEN MATCHED STEP ACCT   NZA0147500 STEP CLIENT 00017426210GHNYA0001 STEP VENDOR Q32VGH,0.0000,PERSHING LLC,STPQ32VGH,81783H105,0.00,BNY CAPITAL MARKETS INC,Purchase,INSTRUCTION HAS BEEN MATCHED,1243260071891,1243250538848,(10.00),B3DTT41,,0,TRAD,-
487820,EMORY U GBS ALGORY,Dividend,US5949181045,MICROSOFT COM USD0.00000625,STL - POSTED,11/21/2024,12/12/2024,12/12/2024,,Contractual Cash,36.0000,0.000000,29.88,USD,DTC,-,0.0000,-,N,594918104,29.88,-,Dividend,-,-,PSS2411204223959,0.00,2588173,12/12/2024,0,-,-
487820,EMORY U GBS ALGORY,Sell,X9X9USDBLYT6,BLACKROCK TREASURY TRUST INSTL 10,STL - ACTUAL SETTLEMENT,11/21/2024,11/21/2024,11/21/2024,,Un-projected Actual,"(1,359.9400)",1.000000,"1,359.94",USD,GSF,-,0.0000,SHORT TERM INVT FUND ON-SHORE,-,X9USDBLYT,0.00,-,Sale- Cash Equivalent(STF),C/DECL//STIF RED TRAD 003311437,,GSF2411213311437,0.00,94Q9911,,0,TRAD,-
487820,EMORY U GBS ALGORY,Dividend,X9X9USDBLYT6,BLACKROCK TREASURY TRUST INSTL 10,STL - POSTED,12/03/2024,12/03/2024,12/03/2024,,Contractual Cash,0.0000,0.000000,146.30,USD,GSF,-,0.0000,-,N,X9USDBLYT,146.30,-,Dividend,-,-,PSS2412021538399,0.00,94Q9911,12/03/2024,0,-,-
487820,EMORY U GBS ALGORY,Dividend,US91324P1021,UNITEDHEALTH GROUP INC USD 0.01,STL - POSTED,12/09/2024,12/17/2024,12/17/2024,,Contractual Cash,5.0000,0.000000,10.50,USD,DTC,-,0.0000,-,N,91324P102,10.50,-,Dividend,-,-,PSS2412024411330,0.00,2917766,12/17/2024,0,-,-
487820,EMORY U GBS ALGORY,Dividend,MHY235921357,EUROSEAS LTD USD 0.03,STL - POSTED,12/09/2024,12/17/2024,12/17/2024,,Contractual Cash,35.0000,0.000000,21.00,USD,DTC,-,0.0000,-,N,Y23592135,21.00,-,Dividend,-,-,PSS2412024430748,0.00,BJRFSM8,12/17/2024,0,-,-
487820,EMORY U GBS ALGORY,Buy,X9X9USDBLYT6,BLACKROCK TREASURY TRUST INSTL 10,STL - ACTUAL SETTLEMENT,12/03/2024,12/03/2024,12/03/2024,,Un-projected Actual,146.3000,1.000000,(146.30),USD,GSF,-,0.0000,SHORT TERM INVT FUND ON-SHORE,-,X9USDBLYT,0.00,PURCHASE SHORT TERM INVT FUND,Purchase- Cash Equivalent (STF),C/DECL//STIF PUR TRAD 000816890,,GSF2412030816890,0.00,94Q9911,,0,TRAD,-
487820,EMORY U GBS ALGORY,Dividend,US67066G1040,NVIDIA CORP USD 0.001,STL - POSTED,12/05/2024,12/27/2024,12/27/2024,,Contractual Cash,90.0000,0.000000,0.90,USD,DTC,-,0.0000,-,N,67066G104,0.90,-,Dividend,-,-,PSS2412044251050,0.00,2379504,12/27/2024,0,-,-
487820,EMORY U GBS ALGORY,Buy,US53220K5048,LIGAND PHARMACEUTICALS IN USD 0.001,STL - ACTUAL SETTLEMENT,12/09/2024,12/10/2024,12/10/2024,,Contractual Cash,35.0000,116.639715,"(4,092.39)",USD,DTC,INSTRUCTION HAS BEEN MATCHED STEP ACCT   NZA0147500 STEP CLIENT 00017559351GHNYA0001 STEP VENDOR Q12OGD,0.0000,PERSHING LLC,STPQ12OGD,53220K504,0.00,BNY CAPITAL MARKETS INC,Purchase,INSTRUCTION HAS BEEN MATCHED,1243450032386,1243440570904,(10.00),2501578,,0,TRAD,-
487820,EMORY U GBS ALGORY,Buy,US03769M1062,APOLLO GLOBAL MGMT INC N USD 0.0001,STL - ACTUAL SETTLEMENT,12/09/2024,12/10/2024,12/10/2024,,Contractual Cash,30.0000,174.780000,"(5,253.40)",USD,DTC,NARRATIVE REASON PENDED BY COUNTERPARTY STEP ACCT   NZA0147500 STEP CLIENT 00017559350GHNYA0001 STEP VENDOR Q12OGC,0.0000,PERSHING LLC,STPQ12OGC,03769M106,0.00,BNY CAPITAL MARKETS INC,Purchase,NARRATIVE REASON,PENDED BY COUNTERPARTY,1243440570909,(10.00),BN44JF6,,0,TRAD,-
487820,EMORY U GBS ALGORY,Buy,US81141R1005,SEA LTD USD 0.0005 ADR,STL - ACTUAL SETTLEMENT,12/09/2024,12/10/2024,12/10/2024,,Contractual Cash,90.0000,115.599889,"(10,413.99)",USD,DTC,INSTRUCTION HAS BEEN MATCHED STEP ACCT   NZA0147500 STEP CLIENT 00017559349GHNYA0001 STEP VENDOR Q12OGA,0.0000,PERSHING LLC,STPQ12OGA,81141R100,0.00,BNY CAPITAL MARKETS INC,Purchase,INSTRUCTION HAS BEEN MATCHED,1243450077813,1243440570911,(10.00),BYWD7L4,,0,TRAD,-
487820,EMORY U GBS ALGORY,Buy,US90353T1007,UBER TECHNOLOGIES INC USD 0.00001,STL - ACTUAL SETTLEMENT,12/09/2024,12/10/2024,12/10/2024,,Contractual Cash,150.0000,65.948200,"(9,902.23)",USD,DTC,INSTRUCTION HAS BEEN MATCHED STEP ACCT   NZA0147500 STEP CLIENT 00017559352GHNYA0001 STEP VENDOR Q12OGE,0.0000,PERSHING LLC,STPQ12OGE,90353T100,0.00,BNY CAPITAL MARKETS INC,Purchase,INSTRUCTION HAS BEEN MATCHED,1243450032392,1243440570929,(10.00),BK6N347,,0,TRAD,-
487820,EMORY U GBS ALGORY,Sell,X9X9USDBLYT6,BLACKROCK TREASURY TRUST INSTL 10,STL - ACTUAL SETTLEMENT,12/10/2024,12/10/2024,12/10/2024,,Un-projected Actual,"(29,659.4100)",1.000000,"29,659.41",USD,GSF,-,0.0000,SHORT TERM INVT FUND ON-SHORE,-,X9USDBLYT,0.00,-,Sale- Cash Equivalent(STF),C/DECL//STIF RED TRAD 001757059,,GSF2412101757059,0.00,94Q9911,,0,TRAD,-
487820,EMORY U GBS ALGORY,Buy,X9X9USDBLYT6,BLACKROCK TREASURY TRUST INSTL 10,STL - ACTUAL SETTLEMENT,12/12/2024,12/12/2024,12/12/2024,,Un-projected Actual,29.8800,1.000000,(29.88),USD,GSF,-,0.0000,SHORT TERM INVT FUND ON-SHORE,-,X9USDBLYT,0.00,PURCHASE SHORT TERM INVT FUND,Purchase- Cash Equivalent (STF),C/DECL//STIF PUR TRAD 002019407,,GSF2412122019407,0.00,94Q9911,,0,TRAD,-
487820,EMORY U GBS ALGORY,Dividend,US30303M1027,META PLATFORMS INC USD 0.000006,STL - POSTED,12/16/2024,12/27/2024,12/27/2024,,Contractual Cash,27.0000,0.000000,13.50,USD,DTC,-,0.0000,-,N,30303M102,13.50,-,Dividend,-,-,PSS2412124359121,0.00,B7TL820,12/27/2024,0,-,-
487820,EMORY U GBS ALGORY,Sell,US7710491033,ROBLOX CORP USD 0.0001,STL - ACTUAL SETTLEMENT,12/13/2024,12/16/2024,12/16/2024,,Contractual Cash,(25.0000),59.115200,"1,467.83",USD,DTC,MATCHING INSTRUCTION NOT FOUND RAD AWAITING APPROVAL STEP ACCT   NZA0147500 STEP CLIENT 00017583382GHNYA0001 STEP VENDOR Q4VXGM,0.0000,PERSHING LLC,STPQ4VXGM,771049103,0.00,BNY CAPITAL MARKETS INC,Sale,MATCHING INSTRUCTION NOT FOUND,RAD AWAITING APPROVAL,1243480548843,(10.00),BMWBC20,,0,TRAD,-
487820,EMORY U GBS ALGORY,Sell,US75734B1008,REDDIT INC USD 0.0001,STL - ACTUAL SETTLEMENT,12/13/2024,12/16/2024,12/16/2024,,Contractual Cash,(41.0000),169.390000,"6,934.79",USD,DTC,MATCHING INSTRUCTION NOT FOUND RAD AWAITING APPROVAL STEP ACCT   NZA0147500 STEP CLIENT 00017583383GHNYA0001 STEP VENDOR Q4VXGN,0.0000,PERSHING LLC,STPQ4VXGN,75734B100,0.00,BNY CAPITAL MARKETS INC,Sale,MATCHING INSTRUCTION NOT FOUND,RAD AWAITING APPROVAL,1243480549011,(10.00),BMVNLY2,,0,TRAD,-
487820,EMORY U GBS ALGORY,Sell,US69608A1088,PALANTIR TECHNOLOGIES INC USD 0.001,STL - ACTUAL SETTLEMENT,12/13/2024,12/16/2024,12/16/2024,,Contractual Cash,(150.0000),74.422534,"11,153.06",USD,DTC,MATCHING INSTRUCTION NOT FOUND RAD AWAITING APPROVAL STEP ACCT   NZA0147500 STEP CLIENT 00017583381GHNYA0001 STEP VENDOR Q4VXGL,0.0000,PERSHING LLC,STPQ4VXGL,69608A108,0.00,BNY CAPITAL MARKETS INC,Sale,MATCHING INSTRUCTION NOT FOUND,RAD AWAITING APPROVAL,1243480549032,(10.00),BN78DQ4,,0,TRAD,-
487820,EMORY U GBS ALGORY,Buy,X9X9USDBLYT6,BLACKROCK TREASURY TRUST INSTL 10,STL - ACTUAL SETTLEMENT,12/16/2024,12/16/2024,12/16/2024,,Un-projected Actual,"19,555.6800",1.000000,"(19,555.68)",USD,GSF,-,0.0000,SHORT TERM INVT FUND ON-SHORE,-,X9USDBLYT,0.00,PURCHASE SHORT TERM INVT FUND,Purchase- Cash Equivalent (STF),C/DECL//STIF PUR TRAD 002321318,,GSF2412162321318,0.00,94Q9911,,0,TRAD,-
487820,EMORY U GBS ALGORY,Buy,X9X9USDBLYT6,BLACKROCK TREASURY TRUST INSTL 10,STL - ACTUAL SETTLEMENT,12/17/2024,12/17/2024,12/17/2024,,Un-projected Actual,31.5000,1.000000,(31.50),USD,GSF,-,0.0000,SHORT TERM INVT FUND ON-SHORE,-,X9USDBLYT,0.00,PURCHASE SHORT TERM INVT FUND,Purchase- Cash Equivalent (STF),C/DECL//STIF PUR TRAD 002470002,,GSF2412172470002,0.00,94Q9911,,0,TRAD,-
487820,EMORY U GBS ALGORY,Buy,US9113631090,UNITED RENTALS INC USD 0.01,STL - ACTUAL SETTLEMENT,12/23/2024,12/24/2024,12/24/2024,,Contractual Cash,3.0000,717.246667,"(2,161.74)",USD,DTC,INSTRUCTION HAS BEEN MATCHED STEP ACCT   NZA0147500 STEP CLIENT 00017649509GHNYA0001 STEP VENDOR Q9OSOF,0.0000,PERSHING LLC,STPQ9OSOF,911363109,0.00,BNY CAPITAL MARKETS INC,Purchase,INSTRUCTION HAS BEEN MATCHED,1243590038508,1243580598988,(10.00),2134781,,0,TRAD,-
487820,EMORY U GBS ALGORY,Sell,US6701002056,NOVO-NORDISK A S DKK 10.0 ADR,STL - ACTUAL SETTLEMENT,12/23/2024,12/24/2024,12/24/2024,,Contractual Cash,(6.0000),87.850000,517.08,USD,DTC,MATCHING INSTRUCTION NOT FOUND RAD AWAITING APPROVAL STEP ACCT   NZA0147500 STEP CLIENT 00017649508GHNYA0001 STEP VENDOR Q9OSOE,0.0000,PERSHING LLC,STPQ9OSOE,670100205,0.00,BNY CAPITAL MARKETS INC,Sale,MATCHING INSTRUCTION NOT FOUND,RAD AWAITING APPROVAL,1243580599171,(10.00),2651202,,0,TRAD,-
487820,EMORY U GBS ALGORY,Sell,US90353T1007,UBER TECHNOLOGIES INC USD 0.00001,STL - ACTUAL SETTLEMENT,12/23/2024,12/24/2024,12/24/2024,,Contractual Cash,(150.0000),61.863334,"9,269.24",USD,DTC,MATCHING INSTRUCTION NOT FOUND RAD AWAITING APPROVAL STEP ACCT   NZA0147500 STEP CLIENT 00017649511GHNYA0001 STEP VENDOR Q9OSOH,0.0000,PERSHING LLC,STPQ9OSOH,90353T100,0.00,BNY CAPITAL MARKETS INC,Sale,MATCHING INSTRUCTION NOT FOUND,RAD AWAITING APPROVAL,1243580599349,(10.00),BK6N347,,0,TRAD,-
487820,EMORY U GBS ALGORY,Buy,US69608A1088,PALANTIR TECHNOLOGIES INC USD 0.001,STL - ACTUAL SETTLEMENT,12/23/2024,12/24/2024,12/24/2024,,Contractual Cash,180.0000,80.348389,"(14,472.71)",USD,DTC,INSTRUCTION HAS BEEN MATCHED STEP ACCT   NZA0147500 STEP CLIENT 00017649510GHNYA0001 STEP VENDOR Q9OSOG,0.0000,PERSHING LLC,STPQ9OSOG,69608A108,0.00,BNY CAPITAL MARKETS INC,Purchase,INSTRUCTION HAS BEEN MATCHED,1243590038516,1243580599692,(10.00),BN78DQ4,,0,TRAD,-
487820,EMORY U GBS ALGORY,Sell,X9X9USDBLYT6,BLACKROCK TREASURY TRUST INSTL 10,STL - ACTUAL SETTLEMENT,12/24/2024,12/24/2024,12/24/2024,,Un-projected Actual,"(6,848.1300)",1.000000,"6,848.13",USD,GSF,-,0.0000,SHORT TERM INVT FUND ON-SHORE,-,X9USDBLYT,0.00,-,Sale- Cash Equivalent(STF),C/DECL//STIF RED TRAD 003240330,,GSF2412243240330,0.00,94Q9911,,0,TRAD,-
487820,EMORY U GBS ALGORY,Buy,X9X9USDBLYT6,BLACKROCK TREASURY TRUST INSTL 10,STL - ACTUAL SETTLEMENT,12/27/2024,12/27/2024,12/27/2024,,Un-projected Actual,14.4000,1.000000,(14.40),USD,GSF,-,0.0000,SHORT TERM INVT FUND ON-SHORE,-,X9USDBLYT,0.00,PURCHASE SHORT TERM INVT FUND,Purchase- Cash Equivalent (STF),C/DECL//STIF PUR TRAD 003521291,,GSF2412273521291,0.00,94Q9911,,0,TRAD,-
487820,EMORY U GBS ALGORY,Dividend,US25401T6038,DIGITALBRIDGE GROUP INC USD 0.01,STL - POSTED,12/31/2024,01/15/2025,01/15/2025,,Contractual Cash,225.0000,0.000000,2.25,USD,DTC,-,0.0000,-,N,25401T603,2.25,-,Dividend,-,-,PSS2412304419097,0.00,BPW6ZP0,01/15/2025,0,-,-
487820,EMORY U GBS ALGORY,Dividend,X9X9USDBLYT6,BLACKROCK TREASURY TRUST INSTL 10,STL - POSTED,01/03/2025,01/03/2025,01/03/2025,,Contractual Cash,0.0000,0.000000,92.04,USD,GSF,-,0.0000,-,N,X9USDBLYT,92.04,-,Dividend,-,-,PSS2501021515875,0.00,94Q9911,01/03/2025,0,-,-
487820,EMORY U GBS ALGORY,Buy,X9X9USDBLYT6,BLACKROCK TREASURY TRUST INSTL 10,STL - ACTUAL SETTLEMENT,01/03/2025,01/03/2025,01/03/2025,,Un-projected Actual,92.0400,1.000000,(92.04),USD,GSF,-,0.0000,SHORT TERM INVT FUND ON-SHORE,-,X9USDBLYT,0.00,PURCHASE SHORT TERM INVT FUND,Purchase- Cash Equivalent (STF),C/DECL//STIF PUR TRAD 000552626,,GSF2501030552626,0.00,94Q9911,,0,TRAD,-
487820,EMORY U GBS ALGORY,Dividend,US46625H1005,JPMORGAN CHASE + CO USD 1.0,STL - POSTED,01/06/2025,01/31/2025,01/31/2025,,Contractual Cash,76.0000,0.000000,95.00,USD,DTC,-,0.0000,-,N,46625H100,95.00,-,Dividend,-,-,PSS2501034166715,0.00,2190385,01/31/2025,0,-,-
487820,EMORY U GBS ALGORY,Buy,X9X9USDBLYT6,BLACKROCK TREASURY TRUST INSTL 10,STL - ACTUAL SETTLEMENT,01/15/2025,01/15/2025,01/15/2025,,Un-projected Actual,2.2500,1.000000,(2.25),USD,GSF,-,0.0000,SHORT TERM INVT FUND ON-SHORE,-,X9USDBLYT,0.00,PURCHASE SHORT TERM INVT FUND,Purchase- Cash Equivalent (STF),C/DECL//STIF PUR TRAD 001807636,,GSF2501151807636,0.00,94Q9911,,0,TRAD,-
487820,EMORY U GBS ALGORY,Sell,US69608A1088,PALANTIR TECHNOLOGIES INC USD 0.001,STL - ACTUAL SETTLEMENT,01/21/2025,01/22/2025,01/22/2025,,Contractual Cash,(180.0000),73.360723,"13,194.56",USD,DTC,MATCHING INSTRUCTION NOT FOUND RAD AWAITING APPROVAL STEP ACCT   NZA0147500 STEP CLIENT 00017798990GHNYA0001 STEP VENDOR Q0M6WW,0.0000,PERSHING LLC,STPQ0M6WW,69608A108,0.00,BNY CAPITAL MARKETS INC,Sale,MATCHING INSTRUCTION NOT FOUND,RAD AWAITING APPROVAL,1250210517394,(10.00),BN78DQ4,,0,TRAD,-
487820,EMORY U GBS ALGORY,Sell,US5324571083,LILLY ELI + CO NPV,STL - ACTUAL SETTLEMENT,01/21/2025,01/22/2025,01/22/2025,,Contractual Cash,(2.0000),739.850000,"1,469.65",USD,DTC,MATCHING INSTRUCTION NOT FOUND RAD AWAITING APPROVAL STEP ACCT   NZA0147500 STEP CLIENT 00017798991GHNYA0001 STEP VENDOR Q0M6W3,0.0000,PERSHING LLC,STPQ0M6W3,532457108,0.00,BNY CAPITAL MARKETS INC,Sale,MATCHING INSTRUCTION NOT FOUND,RAD AWAITING APPROVAL,1250210517782,(10.00),2516152,,0,TRAD,-
487820,EMORY U GBS ALGORY,Buy,X9X9USDBLYT6,BLACKROCK TREASURY TRUST INSTL 10,STL - ACTUAL SETTLEMENT,01/22/2025,01/22/2025,01/22/2025,,Un-projected Actual,"14,664.2100",1.000000,"(14,664.21)",USD,GSF,-,0.0000,SHORT TERM INVT FUND ON-SHORE,-,X9USDBLYT,0.00,PURCHASE SHORT TERM INVT FUND,Purchase- Cash Equivalent (STF),C/DECL//STIF PUR TRAD 002440282,,GSF2501222440282,0.00,94Q9911,,0,TRAD,-
487820,EMORY U GBS ALGORY,Buy,X9X9USDBLYT6,BLACKROCK TREASURY TRUST INSTL 10,STL - ACTUAL SETTLEMENT,01/31/2025,01/31/2025,01/31/2025,,Un-projected Actual,95.0000,1.000000,(95.00),USD,GSF,-,0.0000,SHORT TERM INVT FUND ON-SHORE,-,X9USDBLYT,0.00,PURCHASE SHORT TERM INVT FUND,Purchase- Cash Equivalent (STF),C/DECL//STIF PUR TRAD 003479516,,GSF2501313479516,0.00,94Q9911,,0,TRAD,-
487820,EMORY U GBS ALGORY,Dividend,X9X9USDBLYT6,BLACKROCK TREASURY TRUST INSTL 10,STL - POSTED,02/04/2025,02/04/2025,02/04/2025,,Contractual Cash,0.0000,0.000000,90.88,USD,GSF,-,0.0000,-,N,X9USDBLYT,90.88,-,Dividend,-,-,PSS2502031594453,0.00,94Q9911,02/04/2025,0,-,-
487820,EMORY U GBS ALGORY,Buy,X9X9USDBLYT6,BLACKROCK TREASURY TRUST INSTL 10,STL - ACTUAL SETTLEMENT,02/04/2025,02/04/2025,02/04/2025,,Un-projected Actual,90.8800,1.000000,(90.88),USD,GSF,-,0.0000,SHORT TERM INVT FUND ON-SHORE,-,X9USDBLYT,0.00,PURCHASE SHORT TERM INVT FUND,Purchase- Cash Equivalent (STF),C/DECL//STIF PUR TRAD 000186226,,GSF2502040186226,0.00,94Q9911,,0,TRAD,-
487820,EMORY U GBS ALGORY,Buy,US81783H1059,SEVEN + I HLDGS CO LTD NPV ADR,STL - ACTUAL SETTLEMENT,02/10/2025,02/11/2025,02/11/2025,,Contractual Cash,800.0000,16.200000,"(12,970.00)",USD,DTC,INSTRUCTION HAS BEEN MATCHED STEP ACCT   NZA0147500 STEP CLIENT 00017936736GHNYA0001 STEP VENDOR Q0SFY5,0.0000,PERSHING LLC,STPQ0SFY5,81783H105,0.00,BNY CAPITAL MARKETS INC,Purchase,INSTRUCTION HAS BEEN MATCHED,1250420073036,1250410529789,(10.00),B3DTT41,,0,TRAD,-
487820,EMORY U GBS ALGORY,Sell,X9X9USDBLYT6,BLACKROCK TREASURY TRUST INSTL 10,STL - ACTUAL SETTLEMENT,02/11/2025,02/11/2025,02/11/2025,,Un-projected Actual,"(12,970.0000)",1.000000,"12,970.00",USD,GSF,-,0.0000,SHORT TERM INVT FUND ON-SHORE,-,X9USDBLYT,0.00,-,Sale- Cash Equivalent(STF),C/DECL//STIF RED TRAD 000996573,,GSF2502110996573,0.00,94Q9911,,0,TRAD,-
487820,EMORY U GBS ALGORY,Dividend,US9113631090,UNITED RENTALS INC USD 0.01,STL - POSTED,02/12/2025,02/26/2025,02/26/2025,,Contractual Cash,3.0000,0.000000,5.37,USD,DTC,-,0.0000,-,N,911363109,5.37,-,Dividend,-,-,PSS2502114225518,0.00,2134781,02/26/2025,0,-,-
487820,EMORY U GBS ALGORY,Dividend,US03769M1062,APOLLO GLOBAL MGMT INC N USD 0.0001,STL - POSTED,02/18/2025,02/28/2025,02/28/2025,,Contractual Cash,30.0000,0.000000,13.88,USD,DTC,-,0.0000,-,N,03769M106,13.88,-,Dividend,-,-,PSS2502134262277,0.00,BN44JF6,02/28/2025,0,-,-
487820,EMORY U GBS ALGORY,Dividend,US5949181045,MICROSOFT COM USD0.00000625,STL - POSTED,02/20/2025,03/13/2025,03/13/2025,,Contractual Cash,36.0000,0.000000,29.88,USD,DTC,-,0.0000,-,N,594918104,29.88,-,Dividend,-,-,PSS2502194275330,0.00,2588173,03/13/2025,0,-,-
487820,EMORY U GBS ALGORY,Buy,X9X9USDBLYT6,BLACKROCK TREASURY TRUST INSTL 10,STL - ACTUAL SETTLEMENT,02/26/2025,02/26/2025,02/26/2025,,Un-projected Actual,5.3700,1.000000,(5.37),USD,GSF,-,0.0000,SHORT TERM INVT FUND ON-SHORE,-,X9USDBLYT,0.00,PURCHASE SHORT TERM INVT FUND,Purchase- Cash Equivalent (STF),C/DECL//STIF PUR TRAD 002490719,,GSF2502262490719,0.00,94Q9911,,0,TRAD,-
487820,EMORY U GBS ALGORY,Buy,X9X9USDBLYT6,BLACKROCK TREASURY TRUST INSTL 10,STL - ACTUAL SETTLEMENT,02/28/2025,02/28/2025,02/28/2025,,Un-projected Actual,13.8800,1.000000,(13.88),USD,GSF,-,0.0000,SHORT TERM INVT FUND ON-SHORE,-,X9USDBLYT,0.00,PURCHASE SHORT TERM INVT FUND,Purchase- Cash Equivalent (STF),C/DECL//STIF PUR TRAD 002766923,,GSF2502282766923,0.00,94Q9911,,0,TRAD,-
487820,EMORY U GBS ALGORY,Buy,US81141R1005,SEA LTD USD 0.0005 ADR,STL - ACTUAL SETTLEMENT,03/03/2025,03/04/2025,03/04/2025,,Contractual Cash,35.0000,123.520000,"(4,333.20)",USD,DTC,INSTRUCTION HAS BEEN MATCHED STEP ACCT   NZA0147500 STEP CLIENT 00018153627GHNYA0001 STEP VENDOR Q2DINP,0.0000,PERSHING LLC,STPQ2DINP,81141R100,0.00,BNY CAPITAL MARKETS INC,Purchase,INSTRUCTION HAS BEEN MATCHED,1250630085757,1250620639530,(10.00),BYWD7L4,,0,TRAD,-
487820,EMORY U GBS ALGORY,Dividend,X9X9USDBLYT6,BLACKROCK TREASURY TRUST INSTL 10,STL - POSTED,03/04/2025,03/04/2025,03/04/2025,,Contractual Cash,0.0000,0.000000,87.06,USD,GSF,-,0.0000,-,N,X9USDBLYT,87.06,-,Dividend,-,-,PSS2503031590358,0.00,94Q9911,03/04/2025,0,-,-
487820,EMORY U GBS ALGORY,Dividend,MHY235921357,EUROSEAS LTD USD 0.03,STL - POSTED,03/11/2025,03/18/2025,03/18/2025,,Contractual Cash,35.0000,0.000000,22.75,USD,DTC,-,0.0000,-,N,Y23592135,22.75,-,Dividend,-,-,PSS2503034511349,0.00,BJRFSM8,03/18/2025,0,-,-
487820,EMORY U GBS ALGORY,Dividend,US91324P1021,UNITEDHEALTH GROUP INC USD 0.01,STL - POSTED,03/10/2025,03/18/2025,03/18/2025,,Contractual Cash,5.0000,0.000000,10.50,USD,DTC,-,0.0000,-,N,91324P102,10.50,-,Dividend,-,-,PSS2503034517462,0.00,2917766,03/18/2025,0,-,-
487820,EMORY U GBS ALGORY,Sell,X9X9USDBLYT6,BLACKROCK TREASURY TRUST INSTL 10,STL - ACTUAL SETTLEMENT,03/04/2025,03/04/2025,03/04/2025,,Un-projected Actual,"(4,246.1400)",1.000000,"4,246.14",USD,GSF,-,0.0000,SHORT TERM INVT FUND ON-SHORE,-,X9USDBLYT,0.00,-,Sale- Cash Equivalent(STF),C/DECL//STIF RED TRAD 003468030,,GSF2503043468030,0.00,94Q9911,,0,TRAD,-
487820,EMORY U GBS ALGORY,Buy,US75734B1008,REDDIT INC USD 0.0001,STL - ACTUAL SETTLEMENT,03/04/2025,03/05/2025,03/05/2025,,Contractual Cash,25.0000,158.340000,"(3,968.50)",USD,DTC,INSTRUCTION HAS BEEN MATCHED STEP ACCT   NZA0147500 STEP CLIENT 00018157240GHNYA0001 STEP VENDOR Q3CSFM,0.0000,PERSHING LLC,STPQ3CSFM,75734B100,0.00,BNY CAPITAL MARKETS INC,Purchase,INSTRUCTION HAS BEEN MATCHED,1250640017948,1250630710400,(10.00),BMVNLY2,,0,TRAD,-
487820,EMORY U GBS ALGORY,Buy,US69608A1088,PALANTIR TECHNOLOGIES INC USD 0.001,STL - ACTUAL SETTLEMENT,03/04/2025,03/05/2025,03/05/2025,,Contractual Cash,50.0000,80.200000,"(4,020.00)",USD,DTC,INSTRUCTION HAS BEEN MATCHED STEP ACCT   NZA0147500 STEP CLIENT 00018157239GHNYA0001 STEP VENDOR Q3CSFK,0.0000,PERSHING LLC,STPQ3CSFK,69608A108,0.00,BNY CAPITAL MARKETS INC,Purchase,INSTRUCTION HAS BEEN MATCHED,1250640017949,1250630710586,(10.00),BN78DQ4,,0,TRAD,-
487820,EMORY U GBS ALGORY,Sell,US81783H1059,SEVEN + I HLDGS CO LTD NPV ADR,STL - ACTUAL SETTLEMENT,03/04/2025,03/05/2025,03/05/2025,,Contractual Cash,(500.0000),13.300000,"6,639.81",USD,DTC,"COUNTERPARTY INSUFFICIENT MONEY PENDING, PENDING DEBIT CAP STEP ACCT   NZA0147500 STEP CLIENT 00018157238GHNYA0001 STEP VENDOR Q3CSFI",0.0000,PERSHING LLC,STPQ3CSFI,81783H105,0.00,BNY CAPITAL MARKETS INC,Sale,COUNTERPARTY INSUFFICIENT MONEY,"PENDING, PENDING DEBIT CAP",1250630711203,(10.00),B3DTT41,,0,TRAD,-
487820,EMORY U GBS ALGORY,Sell,X9X9USDBLYT6,BLACKROCK TREASURY TRUST INSTL 10,STL - ACTUAL SETTLEMENT,03/05/2025,03/05/2025,03/05/2025,,Un-projected Actual,"(1,348.6900)",1.000000,"1,348.69",USD,GSF,-,0.0000,SHORT TERM INVT FUND ON-SHORE,-,X9USDBLYT,0.00,-,Sale- Cash Equivalent(STF),C/DECL//STIF RED TRAD 003708242,,GSF2503053708242,0.00,94Q9911,,0,TRAD,-
487820,EMORY U GBS ALGORY,Dividend,US67066G1040,NVIDIA CORP USD 0.001,STL - POSTED,03/12/2025,04/02/2025,04/02/2025,,Contractual Cash,90.0000,0.000000,0.90,USD,DTC,-,0.0000,-,N,67066G104,0.90,-,Dividend,-,-,PSS2503114221916,0.00,2379504,04/02/2025,0,-,-
487820,EMORY U GBS ALGORY,Buy,X9X9USDBLYT6,BLACKROCK TREASURY TRUST INSTL 10,STL - ACTUAL SETTLEMENT,03/13/2025,03/13/2025,03/13/2025,,Un-projected Actual,29.8800,1.000000,(29.88),USD,GSF,-,0.0000,SHORT TERM INVT FUND ON-SHORE,-,X9USDBLYT,0.00,PURCHASE SHORT TERM INVT FUND,Purchase- Cash Equivalent (STF),C/DECL//STIF PUR TRAD 000551969,,GSF2503130551969,0.00,94Q9911,,0,TRAD,-
487820,EMORY U GBS ALGORY,Corporate Actions,MHY234DY1099,EURO-HOLDINGS LTD NPV,STL - ACTUAL SETTLEMENT,03/18/2025,03/19/2025,03/19/2025,,Actual,14.0000,0.000000,0.00,USD,DTC,1560846343,0.0000,EXCHANGE UNDER REORGANIZATION,-,Y234DY109,0.00,EXCHANGE UNDER REORGANIZATION,Spinoff/Demerger,C/DECL//  MHY2359213571560846343,ORIG EVENT: MHY235921357 20250731,1250764005793,0.00,BMGTMB9,03/19/2025,0,TRAD,-
487820,EMORY U GBS ALGORY,Buy,X9X9USDBLYT6,BLACKROCK TREASURY TRUST INSTL 10,STL - ACTUAL SETTLEMENT,03/18/2025,03/18/2025,03/18/2025,,Un-projected Actual,33.2500,1.000000,(33.25),USD,GSF,-,0.0000,SHORT TERM INVT FUND ON-SHORE,-,X9USDBLYT,0.00,PURCHASE SHORT TERM INVT FUND,Purchase- Cash Equivalent (STF),C/DECL//STIF PUR TRAD 001007431,,GSF2503181007431,0.00,94Q9911,,0,TRAD,-
487820,EMORY U GBS ALGORY,Dividend,US30303M1027,META PLATFORMS INC USD 0.000006,STL - POSTED,03/14/2025,03/26/2025,03/26/2025,,Contractual Cash,27.0000,0.000000,14.18,USD,DTC,-,0.0000,-,N,30303M102,14.18,-,Dividend,-,-,PSS2503204113522,0.00,B7TL820,03/26/2025,0,-,-
487820,EMORY U GBS ALGORY,Buy,X9X9USDBLYT6,BLACKROCK TREASURY TRUST INSTL 10,STL - ACTUAL SETTLEMENT,03/26/2025,03/26/2025,03/26/2025,,Un-projected Actual,14.1800,1.000000,(14.18),USD,GSF,-,0.0000,SHORT TERM INVT FUND ON-SHORE,-,X9USDBLYT,0.00,PURCHASE SHORT TERM INVT FUND,Purchase- Cash Equivalent (STF),C/DECL//STIF PUR TRAD 001839918,,GSF2503261839918,0.00,94Q9911,,0,TRAD,-
487820,EMORY U GBS ALGORY,Dividend,US25401T6038,DIGITALBRIDGE GROUP INC USD 0.01,STL - POSTED,03/31/2025,04/15/2025,04/15/2025,,Contractual Cash,225.0000,0.000000,2.25,USD,DTC,-,0.0000,-,N,25401T603,2.25,-,Dividend,-,-,PSS2503284195822,0.00,BPW6ZP0,04/15/2025,0,-,-
487820,EMORY U GBS ALGORY,Dividend,X9X9USDBLYT6,BLACKROCK TREASURY TRUST INSTL 10,STL - POSTED,04/02/2025,04/02/2025,04/02/2025,,Contractual Cash,0.0000,0.000000,61.66,USD,GSF,-,0.0000,-,N,X9USDBLYT,61.66,-,Dividend,-,-,PSS2504011272970,0.00,94Q9911,04/02/2025,0,-,-
487820,EMORY U GBS ALGORY,Buy,X9X9USDBLYT6,BLACKROCK TREASURY TRUST INSTL 10,STL - ACTUAL SETTLEMENT,04/02/2025,04/02/2025,04/02/2025,,Un-projected Actual,62.5600,1.000000,(62.56),USD,GSF,-,0.0000,SHORT TERM INVT FUND ON-SHORE,-,X9USDBLYT,0.00,PURCHASE SHORT TERM INVT FUND,Purchase- Cash Equivalent (STF),C/DECL//STIF PUR TRAD 002993146,,GSF2504022993146,0.00,94Q9911,,0,TRAD,-
487820,EMORY U GBS ALGORY,Buy,US70450Y1038,PAYPAL HLDGS INC USD 0.0001,STL - ACTUAL SETTLEMENT,04/02/2025,04/03/2025,04/03/2025,,Contractual Cash,70.0000,66.950000,"(4,696.50)",USD,DTC,INSTRUCTION HAS BEEN MATCHED STEP ACCT   NZA0147500 STEP CLIENT 00018443897GHNYA0001 STEP VENDOR Q98M9Z,0.0000,PERSHING LLC,STPQ98M9Z,70450Y103,0.00,BNY CAPITAL MARKETS INC,Purchase,INSTRUCTION HAS BEEN MATCHED,1250930032379,1250920674117,(10.00),BYW36M8,,0,TRAD,-
487820,EMORY U GBS ALGORY,Buy,US16119P1084,CHARTER COMMUNICATIONS IN USD 0.001,STL - ACTUAL SETTLEMENT,04/02/2025,04/03/2025,04/03/2025,,Contractual Cash,15.0000,375.695334,"(5,645.43)",USD,DTC,INSTRUCTION HAS BEEN MATCHED STEP ACCT   NZA0147500 STEP CLIENT 00018443896GHNYA0001 STEP VENDOR Q98M9X,0.0000,PERSHING LLC,STPQ98M9X,16119P108,0.00,BNY CAPITAL MARKETS INC,Purchase,INSTRUCTION HAS BEEN MATCHED,1250930032382,1250920674225,(10.00),BZ6VT82,,0,TRAD,-
487820,EMORY U GBS ALGORY,Sell,X9X9USDBLYT6,BLACKROCK TREASURY TRUST INSTL 10,STL - ACTUAL SETTLEMENT,04/03/2025,04/03/2025,04/03/2025,,Un-projected Actual,"(10,341.9300)",1.000000,"10,341.93",USD,GSF,-,0.0000,SHORT TERM INVT FUND ON-SHORE,-,X9USDBLYT,0.00,-,Sale- Cash Equivalent(STF),C/DECL//STIF RED TRAD 003238656,,GSF2504033238656,0.00,94Q9911,,0,TRAD,-
487820,EMORY U GBS ALGORY,Dividend,US46625H1005,JPMORGAN CHASE + CO USD 1.0,STL - POSTED,04/04/2025,04/30/2025,04/30/2025,,Contractual Cash,76.0000,0.000000,106.40,USD,DTC,-,0.0000,-,N,46625H100,106.40,-,Dividend,-,-,PSS2504034199803,0.00,2190385,04/30/2025,0,-,-
487820,EMORY U GBS ALGORY,Buy,X9X9USDBLYT6,BLACKROCK TREASURY TRUST INSTL 10,STL - ACTUAL SETTLEMENT,04/15/2025,04/15/2025,04/15/2025,,Un-projected Actual,2.2500,1.000000,(2.25),USD,GSF,-,0.0000,SHORT TERM INVT FUND ON-SHORE,-,X9USDBLYT,0.00,PURCHASE SHORT TERM INVT FUND,Purchase- Cash Equivalent (STF),C/DECL//STIF PUR TRAD 000376570,,GSF2504150376570,0.00,94Q9911,,0,TRAD,-
487820,EMORY U GBS ALGORY,Buy,X9X9USDBLYT6,BLACKROCK TREASURY TRUST INSTL 10,STL - ACTUAL SETTLEMENT,04/30/2025,04/30/2025,04/30/2025,,Un-projected Actual,106.4000,1.000000,(106.40),USD,GSF,-,0.0000,SHORT TERM INVT FUND ON-SHORE,-,X9USDBLYT,0.00,PURCHASE SHORT TERM INVT FUND,Purchase- Cash Equivalent (STF),C/DECL//STIF PUR TRAD 001844516,,GSF2504301844516,0.00,94Q9911,,0,TRAD,-
487820,EMORY U GBS ALGORY,Dividend,X9X9USDBLYT6,BLACKROCK TREASURY TRUST INSTL 10,STL - POSTED,05/02/2025,05/02/2025,05/02/2025,,Contractual Cash,0.0000,0.000000,24.49,USD,GSF,-,0.0000,-,N,X9USDBLYT,24.49,-,Dividend,-,-,PSS2505011228636,0.00,94Q9911,05/02/2025,0,-,-
487820,EMORY U GBS ALGORY,Buy,X9X9USDBLYT6,BLACKROCK TREASURY TRUST INSTL 10,STL - ACTUAL SETTLEMENT,05/02/2025,05/02/2025,05/02/2025,,Un-projected Actual,24.4900,1.000000,(24.49),USD,GSF,-,0.0000,SHORT TERM INVT FUND ON-SHORE,-,X9USDBLYT,0.00,PURCHASE SHORT TERM INVT FUND,Purchase- Cash Equivalent (STF),C/DECL//STIF PUR TRAD 002531644,,GSF2505022531644,0.00,94Q9911,,0,TRAD,-
487820,EMORY U GBS ALGORY,Sell,US25401T6038,DIGITALBRIDGE GROUP INC USD 0.01,STL - ACTUAL SETTLEMENT,05/09/2025,05/12/2025,05/12/2025,,Contractual Cash,(225.0000),8.711823,"1,950.10",USD,DTC,"COUNTERPARTY INSUFFICIENT MONEY PENDING, PENDING DEBIT CAP STEP ACCT   NZA0147500 STEP CLIENT 00018808610GHNYA0001 STEP VENDOR Q6V2TE",0.0000,PERSHING LLC,STPQ6V2TE,25401T603,0.00,BNY CAPITAL MARKETS INC,Sale,COUNTERPARTY INSUFFICIENT MONEY,"PENDING, PENDING DEBIT CAP",1251290573698,(10.00),BPW6ZP0,,0,TRAD,-
487820,EMORY U GBS ALGORY,Buy,US8190471016,SHAKE SHACK INC USD 0.01,STL - ACTUAL SETTLEMENT,05/09/2025,05/12/2025,05/12/2025,,Contractual Cash,45.0000,103.900000,"(4,685.50)",USD,DTC,INSTRUCTION HAS BEEN MATCHED STEP ACCT   NZA0147500 STEP CLIENT 00018808609GHNYA0001 STEP VENDOR Q6V2TC,0.0000,PERSHING LLC,STPQ6V2TC,819047101,0.00,BNY CAPITAL MARKETS INC,Purchase,INSTRUCTION HAS BEEN MATCHED,1251320028761,1251290573740,(10.00),BV0LCR0,,0,TRAD,-
487820,EMORY U GBS ALGORY,Sell,US91324P1021,UNITEDHEALTH GROUP INC USD 0.01,STL - ACTUAL SETTLEMENT,05/09/2025,05/12/2025,05/12/2025,,Contractual Cash,(5.0000),384.110000,"1,910.49",USD,DTC,"COUNTERPARTY INSUFFICIENT MONEY PENDING, PENDING DEBIT CAP STEP ACCT   NZA0147500 STEP CLIENT 00018808611GHNYA0001 STEP VENDOR Q6V2TG",0.0000,PERSHING LLC,STPQ6V2TG,91324P102,0.00,BNY CAPITAL MARKETS INC,Sale,COUNTERPARTY INSUFFICIENT MONEY,"PENDING, PENDING DEBIT CAP",1251290573797,(10.00),2917766,,0,TRAD,-
487820,EMORY U GBS ALGORY,Sell,MHY235921357,EUROSEAS LTD USD 0.03,STL - ACTUAL SETTLEMENT,05/09/2025,05/12/2025,05/12/2025,,Contractual Cash,(35.0000),34.860000,"1,210.06",USD,DTC,"COUNTERPARTY INSUFFICIENT MONEY PENDING, PENDING DEBIT CAP STEP ACCT   NZA0147500 STEP CLIENT 00018808691GHNYA0001 STEP VENDOR Q6V2U0",0.0000,PERSHING LLC,STPQ6V2U0,Y23592135,0.00,BNY CAPITAL MARKETS INC,Sale,COUNTERPARTY INSUFFICIENT MONEY,"PENDING, PENDING DEBIT CAP",1251290573908,(10.00),BJRFSM8,,0,TRAD,-
487820,EMORY U GBS ALGORY,Sell,US03769M1062,APOLLO GLOBAL MGMT INC N USD 0.0001,STL - ACTUAL SETTLEMENT,05/09/2025,05/12/2025,05/12/2025,,Contractual Cash,(30.0000),132.268000,"3,957.92",USD,DTC,"COUNTERPARTY INSUFFICIENT MONEY PENDING, PENDING DEBIT CAP STEP ACCT   NZA0147500 STEP CLIENT 00018808690GHNYA0001 STEP VENDOR Q6V2UY",0.0000,PERSHING LLC,STPQ6V2UY,03769M106,0.00,BNY CAPITAL MARKETS INC,Sale,COUNTERPARTY INSUFFICIENT MONEY,"PENDING, PENDING DEBIT CAP",1251290573943,(10.00),BN44JF6,,0,TRAD,-
487820,EMORY U GBS ALGORY,Buy,X9X9USDBLYT6,BLACKROCK TREASURY TRUST INSTL 10,STL - ACTUAL SETTLEMENT,05/12/2025,05/12/2025,05/12/2025,,Un-projected Actual,"4,343.0700",1.000000,"(4,343.07)",USD,GSF,-,0.0000,SHORT TERM INVT FUND ON-SHORE,-,X9USDBLYT,0.00,PURCHASE SHORT TERM INVT FUND,Purchase- Cash Equivalent (STF),C/DECL//STIF PUR TRAD 003490352,,GSF2505123490352,0.00,94Q9911,,0,TRAD,-
487820,EMORY U GBS ALGORY,Dividend,US9113631090,UNITED RENTALS INC USD 0.01,STL - POSTED,05/14/2025,05/28/2025,05/28/2025,,Contractual Cash,3.0000,0.000000,5.37,USD,DTC,-,0.0000,-,N,911363109,5.37,-,Dividend,-,-,PSS2505134170028,0.00,2134781,05/28/2025,0,-,-
487820,EMORY U GBS ALGORY,Dividend,US5949181045,MICROSOFT COM USD0.00000625,STL - POSTED,05/15/2025,06/12/2025,06/12/2025,,Contractual Cash,36.0000,0.000000,29.88,USD,DTC,-,0.0000,-,N,594918104,29.88,-,Dividend,-,-,PSS2505144282934,0.00,2588173,06/12/2025,0,-,-
487820,EMORY U GBS ALGORY,Buy,X9X9USDBLYT6,BLACKROCK TREASURY TRUST INSTL 10,STL - ACTUAL SETTLEMENT,05/28/2025,05/28/2025,05/28/2025,,Un-projected Actual,5.3700,1.000000,(5.37),USD,GSF,-,0.0000,SHORT TERM INVT FUND ON-SHORE,-,X9USDBLYT,0.00,PURCHASE SHORT TERM INVT FUND,Purchase- Cash Equivalent (STF),C/DECL//STIF PUR TRAD 001110239,,GSF2505281110239,0.00,94Q9911,,0,TRAD,-
487820,EMORY U GBS ALGORY,Dividend,US81783H1059,SEVEN + I HLDGS CO LTD NPV ADR,STL - POSTED,02/28/2025,06/12/2025,06/12/2025,,Contractual Cash,"1,000.0000",0.000000,101.96,USD,DTC,-,0.0000,-,N,81783H105,138.01,-,Dividend,-,-,PSS2506024422086,0.00,B3DTT41,06/12/2025,0,-,-
487820,EMORY U GBS ALGORY,Dividend,X9X9USDBLYT6,BLACKROCK TREASURY TRUST INSTL 10,STL - POSTED,06/03/2025,06/03/2025,06/03/2025,,Contractual Cash,0.0000,0.000000,33.25,USD,GSF,-,0.0000,-,N,X9USDBLYT,33.25,-,Dividend,-,-,PSS2506021631850,0.00,94Q9911,06/03/2025,0,-,-
487820,EMORY U GBS ALGORY,Buy,X9X9USDBLYT6,BLACKROCK TREASURY TRUST INSTL 10,STL - ACTUAL SETTLEMENT,06/03/2025,06/03/2025,06/03/2025,,Un-projected Actual,33.2500,1.000000,(33.25),USD,GSF,-,0.0000,SHORT TERM INVT FUND ON-SHORE,-,X9USDBLYT,0.00,PURCHASE SHORT TERM INVT FUND,Purchase- Cash Equivalent (STF),C/DECL//STIF PUR TRAD 002091112,,GSF2506032091112,0.00,94Q9911,,0,TRAD,-
487820,EMORY U GBS ALGORY,Dividend,US67066G1040,NVIDIA CORP USD 0.001,STL - POSTED,06/11/2025,07/03/2025,07/03/2025,,Contractual Cash,90.0000,0.000000,0.90,USD,DTC,-,0.0000,-,N,67066G104,0.90,-,Dividend,-,-,PSS2506104199372,0.00,2379504,07/03/2025,0,-,-
487820,EMORY U GBS ALGORY,Dividend,US30303M1027,META PLATFORMS INC USD 0.000006,STL - POSTED,06/16/2025,06/26/2025,06/26/2025,,Contractual Cash,27.0000,0.000000,14.18,USD,DTC,-,0.0000,-,N,30303M102,14.18,-,Dividend,-,-,PSS2506114234938,0.00,B7TL820,06/26/2025,0,-,-
487820,EMORY U GBS ALGORY,Buy,X9X9USDBLYT6,BLACKROCK TREASURY TRUST INSTL 10,STL - ACTUAL SETTLEMENT,06/12/2025,06/12/2025,06/12/2025,,Un-projected Actual,131.8400,1.000000,(131.84),USD,GSF,-,0.0000,SHORT TERM INVT FUND ON-SHORE,-,X9USDBLYT,0.00,PURCHASE SHORT TERM INVT FUND,Purchase- Cash Equivalent (STF),C/DECL//STIF PUR TRAD 003171697,,GSF2506123171697,0.00,94Q9911,,0,TRAD,-
487820,EMORY U GBS ALGORY,Buy,X9X9USDBLYT6,BLACKROCK TREASURY TRUST INSTL 10,STL - ACTUAL SETTLEMENT,06/26/2025,06/26/2025,06/26/2025,,Un-projected Actual,14.1800,1.000000,(14.18),USD,GSF,-,0.0000,SHORT TERM INVT FUND ON-SHORE,-,X9USDBLYT,0.00,PURCHASE SHORT TERM INVT FUND,Purchase- Cash Equivalent (STF),C/DECL//STIF PUR TRAD 000503909,,GSF2506260503909,0.00,94Q9911,,0,TRAD,-
487820,EMORY U GBS ALGORY,Sell,US9113631090,UNITED RENTALS INC USD 0.01,STL - ACTUAL SETTLEMENT,06/27/2025,06/30/2025,06/30/2025,,Contractual Cash,(3.0000),754.180000,"2,252.54",USD,DTC,"COUNTERPARTY INSUFFICIENT MONEY PENDING, PENDING DEBIT CAP STEP ACCT   NZA0147500 STEP CLIENT 00019182932GHNYA0001 STEP VENDOR Q24E09",0.0000,PERSHING LLC,STPQ24E09,911363109,0.00,BNY CAPITAL MARKETS INC,Sale,COUNTERPARTY INSUFFICIENT MONEY,"PENDING, PENDING DEBIT CAP",1251780657792,(10.00),2134781,,0,TRAD,-
487820,EMORY U GBS ALGORY,Sell,US81141R1005,SEA LTD USD 0.0005 ADR,STL - ACTUAL SETTLEMENT,06/27/2025,06/30/2025,06/30/2025,,Contractual Cash,(125.0000),158.788880,"19,838.61",USD,DTC,"COUNTERPARTY INSUFFICIENT MONEY PENDING, PENDING DEBIT CAP STEP ACCT   NZA0147500 STEP CLIENT 00019182933GHNYA0001 STEP VENDOR Q24E1B",0.0000,PERSHING LLC,STPQ24E1B,81141R100,0.00,BNY CAPITAL MARKETS INC,Sale,COUNTERPARTY INSUFFICIENT MONEY,"PENDING, PENDING DEBIT CAP",1251780658229,(10.00),BYWD7L4,,0,TRAD,-
487820,EMORY U GBS ALGORY,Sell,US53220K5048,LIGAND PHARMACEUTICALS IN USD 0.001,STL - ACTUAL SETTLEMENT,06/27/2025,06/30/2025,06/30/2025,,Contractual Cash,(35.0000),113.800000,"3,973.00",USD,DTC,"COUNTERPARTY INSUFFICIENT MONEY PENDING, PENDING DEBIT CAP STEP ACCT   NZA0147500 STEP CLIENT 00019182931GHNYA0001 STEP VENDOR Q24E07",0.0000,PERSHING LLC,STPQ24E07,53220K504,0.00,BNY CAPITAL MARKETS INC,Sale,COUNTERPARTY INSUFFICIENT MONEY,"PENDING, PENDING DEBIT CAP",1251780658250,(10.00),2501578,,0,TRAD,-
487820,EMORY U GBS ALGORY,Sell,US16119P1084,CHARTER COMMUNICATIONS IN USD 0.001,STL - ACTUAL SETTLEMENT,06/27/2025,06/30/2025,06/30/2025,,Contractual Cash,(15.0000),399.640000,"5,984.60",USD,DTC,"COUNTERPARTY INSUFFICIENT MONEY PENDING, PENDING DEBIT CAP STEP ACCT   NZA0147500 STEP CLIENT 00019182934GHNYA0001 STEP VENDOR Q24E1D",0.0000,PERSHING LLC,STPQ24E1D,16119P108,0.00,BNY CAPITAL MARKETS INC,Sale,COUNTERPARTY INSUFFICIENT MONEY,"PENDING, PENDING DEBIT CAP",1251780658494,(10.00),BZ6VT82,,0,TRAD,-
487820,EMORY U GBS ALGORY,Sell,US70450Y1038,PAYPAL HLDGS INC USD 0.0001,STL - ACTUAL SETTLEMENT,06/27/2025,06/30/2025,06/30/2025,,Contractual Cash,(70.0000),73.110000,"5,107.70",USD,DTC,"COUNTERPARTY INSUFFICIENT MONEY PENDING, PENDING DEBIT CAP STEP ACCT   NZA0147500 STEP CLIENT 00019182929GHNYA0001 STEP VENDOR Q24E03",0.0000,PERSHING LLC,STPQ24E03,70450Y103,0.00,BNY CAPITAL MARKETS INC,Sale,COUNTERPARTY INSUFFICIENT MONEY,"PENDING, PENDING DEBIT CAP",1251780658646,(10.00),BYW36M8,,0,TRAD,-
487820,EMORY U GBS ALGORY,Sell,US81783H1059,SEVEN + I HLDGS CO LTD NPV ADR,STL - ACTUAL SETTLEMENT,06/27/2025,06/30/2025,06/30/2025,,Contractual Cash,(300.0000),15.750000,"4,715.00",USD,DTC,"COUNTERPARTY INSUFFICIENT MONEY PENDING, PENDING DEBIT CAP STEP ACCT   NZA0147500 STEP CLIENT 00019182928GHNYA0001 STEP VENDOR Q24E01",0.0000,PERSHING LLC,STPQ24E01,81783H105,0.00,BNY CAPITAL MARKETS INC,Sale,COUNTERPARTY INSUFFICIENT MONEY,"PENDING, PENDING DEBIT CAP",1251780658864,(10.00),B3DTT41,,0,TRAD,-
487820,EMORY U GBS ALGORY,Buy,US78462F1030,STATE STREET SPDR S+P 500 ETF TRUST,STL - ACTUAL SETTLEMENT,06/27/2025,06/30/2025,06/30/2025,,Contractual Cash,12.0000,615.240000,"(7,392.88)",USD,DTC,INSTRUCTION HAS BEEN MATCHED STEP ACCT   NZA0147500 STEP CLIENT 00019182930GHNYA0001 STEP VENDOR Q24E05,0.0000,PERSHING LLC,STPQ24E05,78462F103,0.00,BNY CAPITAL MARKETS INC,Purchase- Mutual Fund order,INSTRUCTION HAS BEEN MATCHED,1251810139901,1251780659406,(10.00),2840215,,0,TRAD,-
487820,EMORY U GBS ALGORY,Buy,X9X9USDBLYT6,BLACKROCK TREASURY TRUST INSTL 10,STL - ACTUAL SETTLEMENT,06/30/2025,06/30/2025,06/30/2025,,Un-projected Actual,"34,478.5700",1.000000,"(34,478.57)",USD,GSF,-,0.0000,SHORT TERM INVT FUND ON-SHORE,-,X9USDBLYT,0.00,PURCHASE SHORT TERM INVT FUND,Purchase- Cash Equivalent (STF),C/DECL//STIF PUR TRAD 000813162,,GSF2506300813162,0.00,94Q9911,,0,TRAD,-
487820,EMORY U GBS ALGORY,Dividend,X9X9USDBLYT6,BLACKROCK TREASURY TRUST INSTL 10,STL - POSTED,07/02/2025,07/02/2025,07/02/2025,,Contractual Cash,0.0000,0.000000,41.71,USD,GSF,-,0.0000,-,N,X9USDBLYT,41.71,-,Dividend,-,-,PSS2507011239745,0.00,94Q9911,07/02/2025,0,-,-
487820,EMORY U GBS ALGORY,Dividend,MHY234DY1099,EURO-HOLDINGS LTD NPV,STL - POSTED,07/09/2025,07/16/2025,07/16/2025,,Contractual Cash,14.0000,0.000000,1.96,USD,DTC,-,0.0000,-,N,Y234DY109,1.96,-,Dividend,-,-,PSS2507014229204,0.00,BMGTMB9,07/16/2025,0,-,-
487820,EMORY U GBS ALGORY,Buy,X9X9USDBLYT6,BLACKROCK TREASURY TRUST INSTL 10,STL - ACTUAL SETTLEMENT,07/02/2025,07/02/2025,07/02/2025,,Un-projected Actual,41.7100,1.000000,(41.71),USD,GSF,-,0.0000,SHORT TERM INVT FUND ON-SHORE,-,X9USDBLYT,0.00,PURCHASE SHORT TERM INVT FUND,Purchase- Cash Equivalent (STF),C/DECL//STIF PUR TRAD 001522899,,GSF2507021522899,0.00,94Q9911,,0,TRAD,-
487820,EMORY U GBS ALGORY,Dividend,US46625H1005,JPMORGAN CHASE + CO USD 1.0,STL - POSTED,07/03/2025,07/31/2025,07/31/2025,,Contractual Cash,76.0000,0.000000,106.40,USD,DTC,-,0.0000,-,N,46625H100,106.40,-,Dividend,-,-,PSS2507024206776,0.00,2190385,07/31/2025,0,-,-
487820,EMORY U GBS ALGORY,Buy,X9X9USDBLYT6,BLACKROCK TREASURY TRUST INSTL 10,STL - ACTUAL SETTLEMENT,07/03/2025,07/03/2025,07/03/2025,,Un-projected Actual,0.9000,1.000000,(0.90),USD,GSF,-,0.0000,SHORT TERM INVT FUND ON-SHORE,-,X9USDBLYT,0.00,PURCHASE SHORT TERM INVT FUND,Purchase- Cash Equivalent (STF),C/DECL//STIF PUR TRAD 001772018,,GSF2507031772018,0.00,94Q9911,,0,TRAD,-
487820,EMORY U GBS ALGORY,Buy,X9X9USDBLYT6,BLACKROCK TREASURY TRUST INSTL 10,STL - ACTUAL SETTLEMENT,07/16/2025,07/16/2025,07/16/2025,,Un-projected Actual,1.9600,1.000000,(1.96),USD,GSF,-,0.0000,SHORT TERM INVT FUND ON-SHORE,-,X9USDBLYT,0.00,PURCHASE SHORT TERM INVT FUND,Purchase- Cash Equivalent (STF),C/DECL//STIF PUR TRAD 002988341,,GSF2507162988341,0.00,94Q9911,,0,TRAD,-
487820,EMORY U GBS ALGORY,Buy,X9X9USDBLYT6,BLACKROCK TREASURY TRUST INSTL 10,STL - ACTUAL SETTLEMENT,07/31/2025,07/31/2025,07/31/2025,,Un-projected Actual,106.4000,1.000000,(106.40),USD,GSF,-,0.0000,SHORT TERM INVT FUND ON-SHORE,-,X9USDBLYT,0.00,PURCHASE SHORT TERM INVT FUND,Purchase- Cash Equivalent (STF),C/DECL//STIF PUR TRAD 000592199,,GSF2507310592199,0.00,94Q9911,,0,TRAD,-
487820,EMORY U GBS ALGORY,Dividend,X9X9USDBLYT6,BLACKROCK TREASURY TRUST INSTL 10,STL - POSTED,08/04/2025,08/04/2025,08/04/2025,,Contractual Cash,0.0000,0.000000,161.80,USD,GSF,-,0.0000,-,N,X9USDBLYT,161.80,-,Dividend,-,-,PSS2508011193498,0.00,94Q9911,08/04/2025,0,-,-
487820,EMORY U GBS ALGORY,Buy,X9X9USDBLYT6,BLACKROCK TREASURY TRUST INSTL 10,STL - ACTUAL SETTLEMENT,08/04/2025,08/04/2025,08/04/2025,,Un-projected Actual,161.8000,1.000000,(161.80),USD,GSF,-,0.0000,SHORT TERM INVT FUND ON-SHORE,-,X9USDBLYT,0.00,PURCHASE SHORT TERM INVT FUND,Purchase- Cash Equivalent (STF),C/DECL//STIF PUR TRAD 001317549,,GSF2508041317549,0.00,94Q9911,,0,TRAD,-
487820,EMORY U GBS ALGORY,Dividend,US5949181045,MICROSOFT COM USD0.00000625,STL - POSTED,08/21/2025,09/11/2025,09/11/2025,,Contractual Cash,36.0000,0.000000,29.88,USD,DTC,-,0.0000,-,N,594918104,29.88,-,Dividend,-,-,PSS2508204245861,0.00,2588173,09/11/2025,0,-,-
487820,EMORY U GBS ALGORY,Dividend,MHY234DY1099,EURO-HOLDINGS LTD NPV,STL - POSTED,09/09/2025,09/16/2025,09/16/2025,,Contractual Cash,14.0000,0.000000,1.96,USD,DTC,-,0.0000,-,N,Y234DY109,1.96,-,Dividend,-,-,PSS2508294328440,0.00,BMGTMB9,09/16/2025,0,-,-
487820,EMORY U GBS ALGORY,Buy,US78462F1030,STATE STREET SPDR S+P 500 ETF TRUST,STL - ACTUAL SETTLEMENT,09/02/2025,09/03/2025,09/03/2025,,Contractual Cash,30.0000,635.200000,"(19,066.00)",USD,DTC,NARRATIVE REASON PENDED BY COUNTERPARTY STEP ACCT   NZA0147500STEP CL,0.0000,PERSHING LLC,STPQ35XVE,78462F103,0.00,BNY CAPITAL MARKETS INC,Purchase- Mutual Fund order,NARRATIVE REASON,PENDED BY COUNTERPARTY,1252450576427,(10.00),2840215,,0,TRAD,-
487820,EMORY U GBS ALGORY,Sell,US8190471016,SHAKE SHACK INC USD 0.01,STL - ACTUAL SETTLEMENT,09/02/2025,09/03/2025,09/03/2025,,Contractual Cash,(45.0000),104.230000,"4,680.35",USD,DTC,"COUNTERPARTY INSUFFICIENT MONEY PENDING, PENDING DEBIT CAP STEP ACCT   NZA0147500STEP CL",0.0000,PERSHING LLC,STPQ35XVD,819047101,0.00,BNY CAPITAL MARKETS INC,Sale,COUNTERPARTY INSUFFICIENT MONEY,"PENDING, PENDING DEBIT CAP",1252450576430,(10.00),BV0LCR0,,0,TRAD,-
487820,EMORY U GBS ALGORY,Sell,US81783H1059,SEVEN + I HLDGS CO LTD NPV ADR,STL - ACTUAL SETTLEMENT,09/02/2025,09/03/2025,09/03/2025,,Contractual Cash,(200.0000),12.950000,"2,580.00",USD,DTC,"COUNTERPARTY INSUFFICIENT MONEY PENDING, PENDING DEBIT CAP STEP ACCT   NZA0147500STEP CL",0.0000,PERSHING LLC,STPQ35XVF,81783H105,0.00,BNY CAPITAL MARKETS INC,Sale,COUNTERPARTY INSUFFICIENT MONEY,"PENDING, PENDING DEBIT CAP",1252450576432,(10.00),B3DTT41,,0,TRAD,-
487820,EMORY U GBS ALGORY,Buy,US02079K1079,ALPHABET INC CLASS C,STL - ACTUAL SETTLEMENT,09/02/2025,09/03/2025,09/03/2025,,Contractual Cash,35.0000,207.200000,"(7,262.00)",USD,DTC,INSTRUCTION HAS BEEN MATCHED STEP ACCT   NZA0147500STEP CL,0.0000,PERSHING LLC,STPQ35XVG,02079K107,0.00,BNY CAPITAL MARKETS INC,Purchase,INSTRUCTION HAS BEEN MATCHED,1252460054209,1252450576435,(10.00),BYY88Y7,,0,TRAD,-
487820,EMORY U GBS ALGORY,Sell,US69608A1088,PALANTIR TECHNOLOGIES INC USD 0.001,STL - ACTUAL SETTLEMENT,09/02/2025,09/03/2025,09/03/2025,,Contractual Cash,(50.0000),157.020200,"7,841.01",USD,DTC,"COUNTERPARTY INSUFFICIENT MONEY PENDING, PENDING DEBIT CAP STEP ACCT   NZA0147500STEP CL",0.0000,PERSHING LLC,STPQ35XVC,69608A108,0.00,BNY CAPITAL MARKETS INC,Sale,COUNTERPARTY INSUFFICIENT MONEY,"PENDING, PENDING DEBIT CAP",1252450576443,(10.00),BN78DQ4,,0,TRAD,-
487820,EMORY U GBS ALGORY,Dividend,X9X9USDBLYT6,BLACKROCK TREASURY TRUST INSTL 10,STL - POSTED,09/03/2025,09/03/2025,09/03/2025,,Contractual Cash,0.0000,0.000000,162.07,USD,GSF,-,0.0000,-,N,X9USDBLYT,162.07,-,Dividend,-,-,PSS2509021159349,0.00,94Q9911,09/03/2025,0,-,-
487820,EMORY U GBS ALGORY,Dividend,US02079K1079,ALPHABET INC CLASS C,STL - POSTED,09/08/2025,09/15/2025,09/15/2025,,Contractual Cash,35.0000,0.000000,7.35,USD,DTC,-,0.0000,-,N,02079K107,7.35,-,Dividend,-,-,PSS2509034015360,0.00,BYY88Y7,09/15/2025,0,-,-
487820,EMORY U GBS ALGORY,Sell,X9X9USDBLYT6,BLACKROCK TREASURY TRUST INSTL 10,STL - ACTUAL SETTLEMENT,09/03/2025,09/03/2025,09/03/2025,,Un-projected Actual,"(11,064.5700)",1.000000,"11,064.57",USD,GSF,-,0.0000,SHORT TERM INVT FUND ON-SHORE,-,X9USDBLYT,0.00,-,Sale- Cash Equivalent(STF),C/DECL//STIF RED TRAD 000878756,,GSF2509030878756,0.00,94Q9911,,0,TRAD,-
487820,EMORY U GBS ALGORY,Buy,US78462F1030,STATE STREET SPDR S+P 500 ETF TRUST,STL - ACTUAL SETTLEMENT,09/04/2025,09/05/2025,09/05/2025,,Contractual Cash,15.0000,646.690000,"(9,710.35)",USD,DTC,NARRATIVE REASON PENDED BY COUNTERPARTY STEP ACCT   NZA0147500STEP CL,0.0000,PERSHING LLC,STPQ5S48G,78462F103,0.00,BNY CAPITAL MARKETS INC,Purchase- Mutual Fund order,NARRATIVE REASON,PENDED BY COUNTERPARTY,1252470581763,(10.00),2840215,,0,TRAD,-
487820,EMORY U GBS ALGORY,Buy,US5500211090,LULULEMON ATHLETICA INC USD 0.005,STL - ACTUAL SETTLEMENT,09/04/2025,09/05/2025,09/05/2025,,Contractual Cash,15.0000,203.230000,"(3,058.45)",USD,DTC,NARRATIVE REASON PENDED BY COUNTERPARTY STEP ACCT   NZA0147500STEP CL,0.0000,PERSHING LLC,STPQ5S48F,550021109,0.00,BNY CAPITAL MARKETS INC,Purchase,NARRATIVE REASON,PENDED BY COUNTERPARTY,1252470581872,(10.00),B23FN39,,0,TRAD,-
487820,EMORY U GBS ALGORY,Buy,US9807451037,WOODWARD INC USD 0.00292,STL - ACTUAL SETTLEMENT,09/04/2025,09/05/2025,09/05/2025,,Contractual Cash,10.0000,244.950000,"(2,459.50)",USD,DTC,INSTRUCTION HAS BEEN MATCHED STEP ACCT   NZA0147500STEP CL,0.0000,PERSHING LLC,STPQ5S48H,980745103,0.00,BNY CAPITAL MARKETS INC,Purchase,INSTRUCTION HAS BEEN MATCHED,1252480039199,1252470581895,(10.00),2948089,,0,TRAD,-
487820,EMORY U GBS ALGORY,Buy,US88023U1016,SOMNIGROUP INTERNATIONAL INC.,STL - ACTUAL SETTLEMENT,09/04/2025,09/05/2025,09/05/2025,,Contractual Cash,30.0000,85.690000,"(2,580.70)",USD,DTC,INSTRUCTION HAS BEEN MATCHED STEP ACCT   NZA0147500STEP CL,0.0000,PERSHING LLC,STPQ5S48I,88023U101,0.00,BNY CAPITAL MARKETS INC,Purchase,INSTRUCTION HAS BEEN MATCHED,1252480039201,1252470582142,(10.00),2216991,,0,TRAD,-
487820,EMORY U GBS ALGORY,Buy,US0537741052,AVIS BUDGE COM STK USD0.01,STL - ACTUAL SETTLEMENT,09/04/2025,09/05/2025,09/05/2025,,Contractual Cash,15.0000,153.790000,"(2,316.85)",USD,DTC,NARRATIVE REASON PENDED BY COUNTERPARTY STEP ACCT   NZA0147500STEP CL,0.0000,PERSHING LLC,STPQ5S48E,053774105,0.00,BNY CAPITAL MARKETS INC,Purchase,NARRATIVE REASON,PENDED BY COUNTERPARTY,1252470582189,(10.00),B1CL8J2,,0,TRAD,-
487820,EMORY U GBS ALGORY,Sell,X9X9USDBLYT6,BLACKROCK TREASURY TRUST INSTL 10,STL - ACTUAL SETTLEMENT,09/05/2025,09/05/2025,09/05/2025,,Un-projected Actual,"(20,125.8500)",1.000000,"20,125.85",USD,GSF,-,0.0000,SHORT TERM INVT FUND ON-SHORE,-,X9USDBLYT,0.00,-,Sale- Cash Equivalent(STF),C/DECL//STIF RED TRAD 001263406,,GSF2509051263406,0.00,94Q9911,,0,TRAD,-
487820,EMORY U GBS ALGORY,Dividend,US67066G1040,NVIDIA CORP USD 0.001,STL - POSTED,09/11/2025,10/02/2025,10/02/2025,,Contractual Cash,90.0000,0.000000,0.90,USD,DTC,-,0.0000,-,N,67066G104,0.90,-,Dividend,-,-,PSS2509104201887,0.00,2379504,10/02/2025,0,-,-
487820,EMORY U GBS ALGORY,Buy,X9X9USDBLYT6,BLACKROCK TREASURY TRUST INSTL 10,STL - ACTUAL SETTLEMENT,09/11/2025,09/11/2025,09/11/2025,,Un-projected Actual,29.8800,1.000000,(29.88),USD,GSF,-,0.0000,SHORT TERM INVT FUND ON-SHORE,-,X9USDBLYT,0.00,PURCHASE SHORT TERM INVT FUND,Purchase- Cash Equivalent (STF),C/DECL//STIF PUR TRAD 001822836,,GSF2509111822836,0.00,94Q9911,,0,TRAD,-
487820,EMORY U GBS ALGORY,Dividend,US30303M1027,META PLATFORMS INC USD 0.000006,STL - POSTED,09/22/2025,09/29/2025,09/29/2025,,Contractual Cash,27.0000,0.000000,14.18,USD,DTC,-,0.0000,-,N,30303M102,14.18,-,Dividend,-,-,PSS2509124525463,0.00,B7TL820,09/29/2025,0,-,-
487820,EMORY U GBS ALGORY,Buy,X9X9USDBLYT6,BLACKROCK TREASURY TRUST INSTL 10,STL - ACTUAL SETTLEMENT,09/15/2025,09/15/2025,09/15/2025,,Un-projected Actual,7.3500,1.000000,(7.35),USD,GSF,-,0.0000,SHORT TERM INVT FUND ON-SHORE,-,X9USDBLYT,0.00,PURCHASE SHORT TERM INVT FUND,Purchase- Cash Equivalent (STF),C/DECL//STIF PUR TRAD 002125541,,GSF2509152125541,0.00,94Q9911,,0,TRAD,-
487820,EMORY U GBS ALGORY,Buy,US8894781033,TOLL BROS COM USD0.01,STL - ACTUAL SETTLEMENT,09/15/2025,09/16/2025,09/16/2025,,Contractual Cash,10.0000,141.010000,"(1,420.10)",USD,DTC,INSTRUCTION HAS BEEN MATCHED STEP ACCT   NZA0147500STEP CL,0.0000,PERSHING LLC,STPQ1PPSQ,889478103,0.00,BNY CAPITAL MARKETS INC,Purchase,INSTRUCTION HAS BEEN MATCHED,1252590050564,1252580553739,(10.00),2896092,,0,TRAD,-
487820,EMORY U GBS ALGORY,Sell,US78462F1030,STATE STREET SPDR S+P 500 ETF TRUST,STL - ACTUAL SETTLEMENT,09/15/2025,09/16/2025,09/16/2025,,Contractual Cash,(10.0000),660.210000,"6,592.10",USD,DTC,"COUNTERPARTY INSUFFICIENT MONEY PENDING, PENDING DEBIT CAP STEP ACCT   NZA0147500STEP CL",0.0000,PERSHING LLC,STPQ1PPST,78462F103,0.00,BNY CAPITAL MARKETS INC,Sale- Mutual Fund order,COUNTERPARTY INSUFFICIENT MONEY,"PENDING, PENDING DEBIT CAP",1252580553813,(10.00),2840215,,0,TRAD,-
487820,EMORY U GBS ALGORY,Buy,BMG9460G1015,VALARIS LTD USD 0.01,STL - ACTUAL SETTLEMENT,09/15/2025,09/16/2025,09/16/2025,,Contractual Cash,30.0000,52.310000,"(1,579.30)",USD,DTC,INSTRUCTION HAS BEEN MATCHED STEP ACCT   NZA0147500STEP CL,0.0000,PERSHING LLC,STPQ1PPSR,G9460G101,0.00,BNY CAPITAL MARKETS INC,Purchase,INSTRUCTION HAS BEEN MATCHED,1252590050568,1252580554147,(10.00),BMY0YX0,,0,TRAD,-
487820,EMORY U GBS ALGORY,Buy,US88642R1095,TIDEWATER INC NEW USD 0.001,STL - ACTUAL SETTLEMENT,09/15/2025,09/16/2025,09/16/2025,,Contractual Cash,25.0000,59.520000,"(1,498.00)",USD,DTC,INSTRUCTION HAS BEEN MATCHED STEP ACCT   NZA0147500STEP CL,0.0000,PERSHING LLC,STPQ1PPSV,88642R109,0.00,BNY CAPITAL MARKETS INC,Purchase,INSTRUCTION HAS BEEN MATCHED,1252590050571,1252580554160,(10.00),BDFGDQ0,,0,TRAD,-
487820,EMORY U GBS ALGORY,Buy,GB00BMXNWH07,NOBLE CORP PLC USD 0.00001,STL - ACTUAL SETTLEMENT,09/15/2025,09/16/2025,09/16/2025,,Contractual Cash,45.0000,31.130000,"(1,410.85)",USD,DTC,NARRATIVE REASON PENDED BY COUNTERPARTY STEP ACCT   NZA0147500STEP CL,0.0000,PERSHING LLC,STPQ1PPSU,G65431127,0.00,BNY CAPITAL MARKETS INC,Purchase,NARRATIVE REASON,PENDED BY COUNTERPARTY,1252580554512,(10.00),BN2QTL0,,0,TRAD,-
487820,EMORY U GBS ALGORY,Buy,US7458671010,PULTEGROUP INC USD 0.01,STL - ACTUAL SETTLEMENT,09/15/2025,09/16/2025,09/16/2025,,Contractual Cash,10.0000,134.670000,"(1,356.70)",USD,DTC,INSTRUCTION HAS BEEN MATCHED STEP ACCT   NZA0147500STEP CL,0.0000,PERSHING LLC,STPQ1PPSS,745867101,0.00,BNY CAPITAL MARKETS INC,Purchase,INSTRUCTION HAS BEEN MATCHED,1252590050578,1252580554746,(10.00),2708841,,0,TRAD,-
487820,EMORY U GBS ALGORY,Dividend,US7458671010,PULTEGROUP INC USD 0.01,STL - POSTED,09/16/2025,10/02/2025,10/02/2025,,Contractual Cash,10.0000,0.000000,2.20,USD,DTC,-,0.0000,-,N,745867101,2.20,-,Dividend,-,-,PSS2509164043764,0.00,2708841,10/02/2025,0,-,-
487820,EMORY U GBS ALGORY,Sell,X9X9USDBLYT6,BLACKROCK TREASURY TRUST INSTL 10,STL - ACTUAL SETTLEMENT,09/16/2025,09/16/2025,09/16/2025,,Un-projected Actual,(670.8900),1.000000,670.89,USD,GSF,-,0.0000,SHORT TERM INVT FUND ON-SHORE,-,X9USDBLYT,0.00,-,Sale- Cash Equivalent(STF),C/DECL//STIF RED TRAD 002273433,,GSF2509162273433,0.00,94Q9911,,0,TRAD,-
487820,EMORY U GBS ALGORY,Dividend,US78462F1030,STATE STREET SPDR S+P 500 ETF TRUST,STL - POSTED,09/19/2025,10/31/2025,10/31/2025,,Contractual Cash,47.0000,0.000000,86.06,USD,DTC,-,0.0000,-,N,78462F103,86.06,-,Dividend,-,-,PSS2509184269568,0.00,2840215,10/31/2025,0,-,-
487820,EMORY U GBS ALGORY,Buy,X9X9USDBLYT6,BLACKROCK TREASURY TRUST INSTL 10,STL - ACTUAL SETTLEMENT,09/29/2025,09/29/2025,09/29/2025,,Un-projected Actual,14.1800,1.000000,(14.18),USD,GSF,-,0.0000,SHORT TERM INVT FUND ON-SHORE,-,X9USDBLYT,0.00,PURCHASE SHORT TERM INVT FUND,Purchase- Cash Equivalent (STF),C/DECL//STIF PUR TRAD 003555575,,GSF2509293555575,0.00,94Q9911,,0,TRAD,-
487820,EMORY U GBS ALGORY,Dividend,X9X9USDBLYT6,BLACKROCK TREASURY TRUST INSTL 10,STL - POSTED,10/02/2025,10/02/2025,10/02/2025,,Contractual Cash,0.0000,0.000000,59.61,USD,GSF,-,0.0000,-,N,X9USDBLYT,59.61,-,Dividend,-,-,PSS2510011232913,0.00,94Q9911,10/02/2025,0,-,-
487820,EMORY U GBS ALGORY,Buy,X9X9USDBLYT6,BLACKROCK TREASURY TRUST INSTL 10,STL - ACTUAL SETTLEMENT,10/02/2025,10/02/2025,10/02/2025,,Un-projected Actual,62.7100,1.000000,(62.71),USD,GSF,-,0.0000,SHORT TERM INVT FUND ON-SHORE,-,X9USDBLYT,0.00,PURCHASE SHORT TERM INVT FUND,Purchase- Cash Equivalent (STF),C/DECL//STIF PUR TRAD 000448273,,GSF2510020448273,0.00,94Q9911,,0,TRAD,-
487820,EMORY U GBS ALGORY,Sell,US75734B1008,REDDIT INC USD 0.0001,STL - ACTUAL SETTLEMENT,10/03/2025,10/06/2025,10/06/2025,,Contractual Cash,(25.0000),208.540000,"5,203.50",USD,DTC,"COUNTERPARTY INSUFFICIENT MONEY PENDING, PENDING DEBIT CAP STEP ACCT   NZA0147500STEP CL",0.0000,PERSHING LLC,STPQ5LX27,75734B100,0.00,BNY CAPITAL MARKETS INC,Sale,COUNTERPARTY INSUFFICIENT MONEY,"PENDING, PENDING DEBIT CAP",1252760619789,(10.00),BMVNLY2,,0,TRAD,-
487820,EMORY U GBS ALGORY,Buy,US88557W1018,QIFN HLDGS INC USD 0.00001 ADR,STL - ACTUAL SETTLEMENT,10/03/2025,10/06/2025,10/06/2025,,Contractual Cash,100.0000,29.930000,"(3,003.00)",USD,DTC,INSTRUCTION HAS BEEN MATCHED STEP ACCT   NZA0147500STEP CL,0.0000,PERSHING LLC,STPQ5LX25,88557W101,0.00,BNY CAPITAL MARKETS INC,Purchase,INSTRUCTION HAS BEEN MATCHED,1252790092318,1252760619836,(10.00),BFMV9Y2,,0,TRAD,-
487820,EMORY U GBS ALGORY,Buy,US5288771034,LEXINFINTECH HLDGS LTD NPV ADR,STL - ACTUAL SETTLEMENT,10/03/2025,10/06/2025,10/06/2025,,Contractual Cash,400.0000,5.469200,"(2,197.68)",USD,DTC,INSTRUCTION HAS BEEN MATCHED STEP ACCT   NZA0147500STEP CL,0.0000,PERSHING LLC,STPQ5LX26,528877103,0.00,BNY CAPITAL MARKETS INC,Purchase,INSTRUCTION HAS BEEN MATCHED,1252790092322,1252760620060,(10.00),BFCM956,,0,TRAD,-
487820,EMORY U GBS ALGORY,Dividend,US46625H1005,JPMORGAN CHASE + CO USD 1.0,STL - POSTED,10/06/2025,10/31/2025,10/31/2025,,Contractual Cash,76.0000,0.000000,114.00,USD,DTC,-,0.0000,-,N,46625H100,114.00,-,Dividend,-,-,PSS2510034179252,0.00,2190385,10/31/2025,0,-,-
487820,EMORY U GBS ALGORY,Buy,X9X9USDBLYT6,BLACKROCK TREASURY TRUST INSTL 10,STL - ACTUAL SETTLEMENT,10/06/2025,10/06/2025,10/06/2025,,Un-projected Actual,2.8200,1.000000,(2.82),USD,GSF,-,0.0000,SHORT TERM INVT FUND ON-SHORE,-,X9USDBLYT,0.00,PURCHASE SHORT TERM INVT FUND,Purchase- Cash Equivalent (STF),C/DECL//STIF PUR TRAD 000855439,,GSF2510060855439,0.00,94Q9911,,0,TRAD,-
487820,EMORY U GBS ALGORY,Sell,US67066G1040,NVIDIA CORP USD 0.001,STL - ACTUAL SETTLEMENT,10/07/2025,10/08/2025,10/08/2025,,Contractual Cash,(55.0000),185.114182,"10,171.28",USD,DTC,"COUNTERPARTY INSUFFICIENT MONEY PENDING, PENDING DEBIT CAP STEP ACCT   NZA0147500STEP CL",0.0000,PERSHING LLC,STPQ7GXGG,67066G104,0.00,BNY CAPITAL MARKETS INC,Sale,COUNTERPARTY INSUFFICIENT MONEY,"PENDING, PENDING DEBIT CAP",1252800595519,(10.00),2379504,,0,TRAD,-
487820,EMORY U GBS ALGORY,Sell,US5949181045,MICROSOFT COM USD0.00000625,STL - ACTUAL SETTLEMENT,10/07/2025,10/08/2025,10/08/2025,,Contractual Cash,(10.0000),524.100000,"5,231.00",USD,DTC,"COUNTERPARTY INSUFFICIENT MONEY PENDING, PENDING DEBIT CAP STEP ACCT   NZA0147500STEP CL",0.0000,PERSHING LLC,STPQ7GXGI,594918104,0.00,BNY CAPITAL MARKETS INC,Sale,COUNTERPARTY INSUFFICIENT MONEY,"PENDING, PENDING DEBIT CAP",1252800595533,(10.00),2588173,,0,TRAD,-
487820,EMORY U GBS ALGORY,Sell,US30303M1027,META PLATFORMS INC USD 0.000006,STL - ACTUAL SETTLEMENT,10/07/2025,10/08/2025,10/08/2025,,Contractual Cash,(15.0000),709.800000,"10,637.00",USD,DTC,"COUNTERPARTY INSUFFICIENT MONEY PENDING, PENDING DEBIT CAP STEP ACCT   NZA0147500STEP CL",0.0000,PERSHING LLC,STPQ7GXGH,30303M102,0.00,BNY CAPITAL MARKETS INC,Sale,COUNTERPARTY INSUFFICIENT MONEY,"PENDING, PENDING DEBIT CAP",1252800595596,(10.00),B7TL820,,0,TRAD,-
487820,EMORY U GBS ALGORY,Buy,X9X9USDBLYT6,BLACKROCK TREASURY TRUST INSTL 10,STL - ACTUAL SETTLEMENT,10/08/2025,10/08/2025,10/08/2025,,Un-projected Actual,"26,039.2800",1.000000,"(26,039.28)",USD,GSF,-,0.0000,SHORT TERM INVT FUND ON-SHORE,-,X9USDBLYT,0.00,PURCHASE SHORT TERM INVT FUND,Purchase- Cash Equivalent (STF),C/DECL//STIF PUR TRAD 001122423,,GSF2510081122423,0.00,94Q9911,,0,TRAD,-
487820,EMORY U GBS ALGORY,Internal Movement,US5288771034,LEXINFINTECH HLDGS LTD NPV ADR,STL - ACTUAL SETTLEMENT,10/07/2025,10/08/2025,10/09/2025,,-,(400.0000),0.000000,0.00,USD,DTCS,-,0.0000,PERSHING LLC,-,528877103,0.00,PERSHING LLC,Segregate,-,-,1252820398277,0.00,BFCM956,,0,-,-
487820,EMORY U GBS ALGORY,Internal Movement,US5288771034,LEXINFINTECH HLDGS LTD NPV ADR,STL - ACTUAL SETTLEMENT,10/07/2025,10/08/2025,12/19/2025,,-,400.0000,0.000000,0.00,USD,DTC,-,0.0000,PERSHING LLC,-,528877103,0.00,PERSHING LLC,Segregate Release,-,-,1252820398278,0.00,BFCM956,,0,-,-
487820,EMORY U GBS ALGORY,Internal Movement,US88557W1018,QIFN HLDGS INC USD 0.00001 ADR,STL - ACTUAL SETTLEMENT,10/07/2025,10/08/2025,10/09/2025,,-,(100.0000),0.000000,0.00,USD,DTCS,-,0.0000,PERSHING LLC,-,88557W101,0.00,PERSHING LLC,Segregate,-,-,1252820398302,0.00,BFMV9Y2,,0,-,-
487820,EMORY U GBS ALGORY,Internal Movement,US88557W1018,QIFN HLDGS INC USD 0.00001 ADR,STL - ACTUAL SETTLEMENT,10/07/2025,10/08/2025,12/19/2025,,-,100.0000,0.000000,0.00,USD,DTC,-,0.0000,PERSHING LLC,-,88557W101,0.00,PERSHING LLC,Segregate Release,-,-,1252820398303,0.00,BFMV9Y2,,0,-,-
487820,EMORY U GBS ALGORY,Sell,USMM006IHDL2,LEXINFINTECH 7.5 CALL 20FEB26,STL - ACTUAL SETTLEMENT,10/07/2025,10/08/2025,10/09/2025,,Actual,(4.0000),0.000000,157.93,USD,DERN,-,0.0000,PERSHING LLC,-,MM006IHDL,0.00,PERSHING LLC,Initial Sale of Written Put/Call,OPEN  OUTSIDE EQTY OPT CALL,A/C NZA012986,1252820398276,0.00,9AAR7OK,,1,-,-
487820,EMORY U GBS ALGORY,Buy,USMM006IHDM0,LEXINFINTECH 5.0 PUT 20FEB26,STL - ACTUAL SETTLEMENT,10/07/2025,10/08/2025,10/09/2025,,Actual,4.0000,0.000000,(338.07),USD,DER,-,0.0000,PERSHING LLC,-,MM006IHDM,0.00,PERSHING LLC,Buy of Put/Call,OPEN  OUTSIDE EQTY OPT PUT,A/C NZA012986,1252820398284,0.00,9AAR7OL,,1,-,-
487820,EMORY U GBS ALGORY,Sell,USMM006IHDN8,QFIN HOLDING 45.0 CALL 20FEB26,STL - ACTUAL SETTLEMENT,10/07/2025,10/08/2025,10/09/2025,,Actual,(1.0000),0.000000,39.98,USD,DERN,-,0.0000,PERSHING LLC,-,MM006IHDN,0.00,PERSHING LLC,Initial Sale of Written Put/Call,OPEN  OUTSIDE EQTY OPT CALL,A/C NZA012986,1252820398301,0.00,9AAR7OM,,1,-,-
487820,EMORY U GBS ALGORY,Buy,USMM006IHDO6,QFIN HOLDING 30.0 PUT 20FEB26,STL - ACTUAL SETTLEMENT,10/07/2025,10/08/2025,10/09/2025,,Actual,1.0000,0.000000,(361.02),USD,DER,-,0.0000,PERSHING LLC,-,MM006IHDO,0.00,PERSHING LLC,Buy of Put/Call,OPEN  OUTSIDE EQTY OPT PUT,A/C NZA012986,1252820398317,0.00,9AAR7ON,,1,-,-
487820,EMORY U GBS ALGORY,Sell,X9X9USDBLYT6,BLACKROCK TREASURY TRUST INSTL 10,STL - ACTUAL SETTLEMENT,10/09/2025,10/09/2025,10/09/2025,,Un-projected Actual,(699.0900),1.000000,699.09,USD,GSF,-,0.0000,SHORT TERM INVT FUND ON-SHORE,-,X9USDBLYT,0.00,-,Sale- Cash Equivalent(STF),C/DECL//STIF RED TRAD 001268816,,GSF2510091268816,0.00,94Q9911,,0,TRAD,-
487820,EMORY U GBS ALGORY,Dividend,US8894781033,TOLL BROS COM USD0.01,STL - POSTED,10/10/2025,10/24/2025,10/24/2025,,Contractual Cash,10.0000,0.000000,2.50,USD,DTC,-,0.0000,-,N,889478103,2.50,-,Dividend,-,-,PSS2510094224794,0.00,2896092,10/24/2025,0,-,-
487820,EMORY U GBS ALGORY,Buy,X9X9USDBLYT6,BLACKROCK TREASURY TRUST INSTL 10,STL - ACTUAL SETTLEMENT,10/10/2025,10/10/2025,10/10/2025,,Un-projected Actual,197.9100,1.000000,(197.91),USD,GSF,-,0.0000,SHORT TERM INVT FUND ON-SHORE,-,X9USDBLYT,0.00,PURCHASE SHORT TERM INVT FUND,Purchase- Cash Equivalent (STF),C/DECL//STIF PUR TRAD 001400747,,GSF2510101400747,0.00,94Q9911,,0,TRAD,-
487820,EMORY U GBS ALGORY,Buy,US02079K1079,ALPHABET INC CLASS C,STL - ACTUAL SETTLEMENT,10/16/2025,10/17/2025,10/17/2025,,Contractual Cash,20.0000,252.409500,"(5,058.19)",USD,DTC,INSTRUCTION HAS BEEN MATCHED STEP ACCT   NZA0147500STEP CL,0.0000,PERSHING LLC,STPQ3YLJG,02079K107,0.00,BNY CAPITAL MARKETS INC,Purchase,INSTRUCTION HAS BEEN MATCHED,1252900047829,1252890617490,(10.00),BYY88Y7,,0,TRAD,-
487820,EMORY U GBS ALGORY,Buy,US7707001027,ROBINHOOD MKTS INC USD 0.0001,STL - ACTUAL SETTLEMENT,10/16/2025,10/17/2025,10/17/2025,,Contractual Cash,25.0000,131.230000,"(3,290.75)",USD,DTC,INSTRUCTION HAS BEEN MATCHED STEP ACCT   NZA0147500STEP CL,0.0000,PERSHING LLC,STPQ3YLJH,770700102,0.00,BNY CAPITAL MARKETS INC,Purchase,INSTRUCTION HAS BEEN MATCHED,1252900047831,1252890617492,(10.00),BP0TQN6,,0,TRAD,-
487820,EMORY U GBS ALGORY,Buy,US47233W1099,JEFFERIES FINL GROUP INC USD 1.0,STL - ACTUAL SETTLEMENT,10/16/2025,10/17/2025,10/17/2025,,Contractual Cash,60.0000,48.985000,"(2,949.10)",USD,DTC,NARRATIVE REASON PENDED BY COUNTERPARTY STEP ACCT   NZA0147500STEP CL,0.0000,PERSHING LLC,STPQ3YLJF,47233W109,0.00,BNY CAPITAL MARKETS INC,Purchase,NARRATIVE REASON,PENDED BY COUNTERPARTY,1252890617502,(10.00),BG0Q4Z2,,0,TRAD,-
487820,EMORY U GBS ALGORY,Sell,X9X9USDBLYT6,BLACKROCK TREASURY TRUST INSTL 10,STL - ACTUAL SETTLEMENT,10/17/2025,10/17/2025,10/17/2025,,Un-projected Actual,"(11,298.0400)",1.000000,"11,298.04",USD,GSF,-,0.0000,SHORT TERM INVT FUND ON-SHORE,-,X9USDBLYT,0.00,-,Sale- Cash Equivalent(STF),C/DECL//STIF RED TRAD 002051194,,GSF2510172051194,0.00,94Q9911,,0,TRAD,-
487820,EMORY U GBS ALGORY,Buy,US88160R1014,TESLA INC USD 0.001,STL - ACTUAL SETTLEMENT,10/21/2025,10/22/2025,10/22/2025,,Contractual Cash,5.0000,448.760000,"(2,253.80)",USD,DTC,INSTRUCTION HAS BEEN MATCHED STEP ACCT   NZA0147500STEP CL,0.0000,PERSHING LLC,STPQ6W04J,88160R101,0.00,BNY CAPITAL MARKETS INC,Purchase,INSTRUCTION HAS BEEN MATCHED,1252950038304,1252940584358,(10.00),B616C79,,0,TRAD,-
487820,EMORY U GBS ALGORY,Sell,US78462F1030,STATE STREET SPDR S+P 500 ETF TRUST,STL - ACTUAL SETTLEMENT,10/21/2025,10/22/2025,10/22/2025,,Contractual Cash,(15.0000),672.650000,"10,079.75",USD,DTC,"COUNTERPARTY INSUFFICIENT MONEY PENDING, PENDING DEBIT CAP STEP ACCT   NZA0147500STEP CL",0.0000,PERSHING LLC,STPQ6W03J,78462F103,0.00,BNY CAPITAL MARKETS INC,Sale- Mutual Fund order,COUNTERPARTY INSUFFICIENT MONEY,"PENDING, PENDING DEBIT CAP",1252940584411,(10.00),2840215,,0,TRAD,-
487820,EMORY U GBS ALGORY,Buy,US4592001014,INTERNATIONAL BUSINESS MACH USD 0.2,STL - ACTUAL SETTLEMENT,10/21/2025,10/22/2025,10/22/2025,,Contractual Cash,10.0000,284.840000,"(2,858.40)",USD,DTC,INSTRUCTION HAS BEEN MATCHED STEP ACCT   NZA0147500STEP CL,0.0000,PERSHING LLC,STPQ6W04N,459200101,0.00,BNY CAPITAL MARKETS INC,Purchase,INSTRUCTION HAS BEEN MATCHED,1252950038307,1252940584435,(10.00),2005973,,0,TRAD,-
487820,EMORY U GBS ALGORY,Buy,US7512121010,RALPH LAUREN CORP USD 0.01,STL - ACTUAL SETTLEMENT,10/21/2025,10/22/2025,10/22/2025,,Contractual Cash,5.0000,337.770000,"(1,698.85)",USD,DTC,INSTRUCTION HAS BEEN MATCHED STEP ACCT   NZA0147500STEP CL,0.0000,PERSHING LLC,STPQ6W04I,751212101,0.00,BNY CAPITAL MARKETS INC,Purchase,INSTRUCTION HAS BEEN MATCHED,1252950038309,1252940584443,(10.00),B4V9661,,0,TRAD,-
487820,EMORY U GBS ALGORY,Buy,KYG6683N1034,NU HOLDINGS LTD/CAYMAN USD 0.000007,STL - ACTUAL SETTLEMENT,10/21/2025,10/22/2025,10/22/2025,,Contractual Cash,200.0000,15.388800,"(3,087.76)",USD,DTC,INSTRUCTION HAS BEEN MATCHED STEP ACCT   NZA0147500STEP CL,0.0000,PERSHING LLC,STPQ6W04K,G6683N103,0.00,BNY CAPITAL MARKETS INC,Purchase,INSTRUCTION HAS BEEN MATCHED,1252950038312,1252940584463,(10.00),BN6NP19,,0,TRAD,-
487820,EMORY U GBS ALGORY,Buy,US6936561009,PVH CORP USD 1.0,STL - ACTUAL SETTLEMENT,10/21/2025,10/22/2025,10/22/2025,,Contractual Cash,25.0000,85.140000,"(2,138.50)",USD,DTC,NARRATIVE REASON PENDED BY COUNTERPARTY STEP ACCT   NZA0147500STEP CL,0.0000,PERSHING LLC,STPQ6W04H,693656100,0.00,BNY CAPITAL MARKETS INC,Purchase,NARRATIVE REASON,PENDED BY COUNTERPARTY,1252940584466,(10.00),B3V9F12,,0,TRAD,-
487820,EMORY U GBS ALGORY,Sell,US5500211090,LULULEMON ATHLETICA INC USD 0.005,STL - ACTUAL SETTLEMENT,10/21/2025,10/22/2025,10/22/2025,,Contractual Cash,(15.0000),182.000000,"2,720.00",USD,DTC,"COUNTERPARTY INSUFFICIENT MONEY PENDING, PENDING DEBIT CAP STEP ACCT   NZA0147500STEP CL",0.0000,PERSHING LLC,STPQ6W03I,550021109,0.00,BNY CAPITAL MARKETS INC,Sale,COUNTERPARTY INSUFFICIENT MONEY,"PENDING, PENDING DEBIT CAP",1252940584494,(10.00),B23FN39,,0,TRAD,-
487820,EMORY U GBS ALGORY,Buy,US6701002056,NOVO-NORDISK A S DKK 10.0 ADR,STL - ACTUAL SETTLEMENT,10/21/2025,10/22/2025,10/22/2025,,Contractual Cash,90.0000,54.939889,"(4,954.59)",USD,DTC,NARRATIVE REASON PENDED BY COUNTERPARTY STEP ACCT   NZA0147500STEP CL,0.0000,PERSHING LLC,STPQ6W04M,670100205,0.00,BNY CAPITAL MARKETS INC,Purchase,NARRATIVE REASON,PENDED BY COUNTERPARTY,1252940584524,(10.00),2651202,,0,TRAD,-
487820,EMORY U GBS ALGORY,Buy,US05605H1005,BWX TECHNOLOGIES INC USD 0.01,STL - ACTUAL SETTLEMENT,10/21/2025,10/22/2025,10/22/2025,,Contractual Cash,15.0000,205.500000,"(3,092.50)",USD,DTC,INSTRUCTION HAS BEEN MATCHED STEP ACCT   NZA0147500STEP CL,0.0000,PERSHING LLC,STPQ6W04O,05605H100,0.00,BNY CAPITAL MARKETS INC,Purchase,INSTRUCTION HAS BEEN MATCHED,1252950038316,1252940584556,(10.00),BZ0W624,,0,TRAD,-
487820,EMORY U GBS ALGORY,Buy,US36828A1016,GE VERNOVA INC USD 0.01,STL - ACTUAL SETTLEMENT,10/21/2025,10/22/2025,10/22/2025,,Contractual Cash,10.0000,591.710000,"(5,927.10)",USD,DTC,NARRATIVE REASON PENDED BY COUNTERPARTY STEP ACCT   NZA0147500STEP CL,0.0000,PERSHING LLC,STPQ6W04L,36828A101,0.00,BNY CAPITAL MARKETS INC,Purchase,NARRATIVE REASON,PENDED BY COUNTERPARTY,1252940584779,(10.00),BP6H4Y1,,0,TRAD,-
487820,EMORY U GBS ALGORY,Sell,X9X9USDBLYT6,BLACKROCK TREASURY TRUST INSTL 10,STL - ACTUAL SETTLEMENT,10/22/2025,10/22/2025,10/22/2025,,Un-projected Actual,"(13,211.7500)",1.000000,"13,211.75",USD,GSF,-,0.0000,SHORT TERM INVT FUND ON-SHORE,-,X9USDBLYT,0.00,-,Sale- Cash Equivalent(STF),C/DECL//STIF RED TRAD 002478051,,GSF2510222478051,0.00,94Q9911,,0,TRAD,-
487820,EMORY U GBS ALGORY,Buy,X9X9USDBLYT6,BLACKROCK TREASURY TRUST INSTL 10,STL - ACTUAL SETTLEMENT,10/24/2025,10/24/2025,10/24/2025,,Un-projected Actual,2.5000,1.000000,(2.50),USD,GSF,-,0.0000,SHORT TERM INVT FUND ON-SHORE,-,X9USDBLYT,0.00,PURCHASE SHORT TERM INVT FUND,Purchase- Cash Equivalent (STF),C/DECL//STIF PUR TRAD 002752753,,GSF2510242752753,0.00,94Q9911,,0,TRAD,-
487820,EMORY U GBS ALGORY,Buy,US19260Q1076,COINBASE GLOBAL INC USD 0.00001,STL - ACTUAL SETTLEMENT,10/29/2025,10/30/2025,10/30/2025,,Contractual Cash,5.0000,356.280000,"(1,791.40)",USD,DTC,INSTRUCTION HAS BEEN MATCHED STEP ACCT   NZA0147500STEP CL,0.0000,PERSHING LLC,STPQ3D3UA,19260Q107,0.00,BNY CAPITAL MARKETS INC,Purchase,INSTRUCTION HAS BEEN MATCHED,1253030058403,1253020593798,(10.00),BMC9P69,,0,TRAD,-
487820,EMORY U GBS ALGORY,Buy,US26701L1008,DUTCH BROS INC USD 0.00001,STL - ACTUAL SETTLEMENT,10/29/2025,10/30/2025,10/30/2025,,Contractual Cash,80.0000,58.795000,"(4,713.60)",USD,DTC,NARRATIVE REASON PENDED BY COUNTERPARTY STEP ACCT   NZA0147500STEP CL,0.0000,PERSHING LLC,STPQ3D3T7,26701L100,0.00,BNY CAPITAL MARKETS INC,Purchase,NARRATIVE REASON,PENDED BY COUNTERPARTY,1253020593878,(10.00),BMWP7H2,,0,TRAD,-
487820,EMORY U GBS ALGORY,Sell,US46625H1005,JPMORGAN CHASE + CO USD 1.0,STL - ACTUAL SETTLEMENT,10/29/2025,10/30/2025,10/30/2025,,Contractual Cash,(35.0000),305.320000,"10,676.20",USD,DTC,"COUNTERPARTY INSUFFICIENT MONEY PENDING, PENDING DEBIT CAP STEP ACCT   NZA0147500STEP CL",0.0000,PERSHING LLC,STPQ3D3T6,46625H100,0.00,BNY CAPITAL MARKETS INC,Sale,COUNTERPARTY INSUFFICIENT MONEY,"PENDING, PENDING DEBIT CAP",1253020595278,(10.00),2190385,,0,TRAD,-
487820,EMORY U GBS ALGORY,Buy,US1491231015,CATERPILLAR INC USD 1.0,STL - ACTUAL SETTLEMENT,10/29/2025,10/30/2025,10/30/2025,,Contractual Cash,5.0000,576.760000,"(2,893.80)",USD,DTC,NARRATIVE REASON PENDED BY COUNTERPARTY STEP ACCT   NZA0147500STEP CL,0.0000,PERSHING LLC,STPQ3D3T8,149123101,0.00,BNY CAPITAL MARKETS INC,Purchase,NARRATIVE REASON,PENDED BY COUNTERPARTY,1253020597306,(10.00),2180201,,0,TRAD,-
487820,EMORY U GBS ALGORY,Buy,US2944291051,EQUIFAX INC USD 1.25,STL - ACTUAL SETTLEMENT,10/29/2025,10/30/2025,10/30/2025,,Contractual Cash,10.0000,220.660000,"(2,216.60)",USD,DTC,NARRATIVE REASON PENDED BY COUNTERPARTY STEP ACCT   NZA0147500STEP CL,0.0000,PERSHING LLC,STPQ3D3T9,294429105,0.00,BNY CAPITAL MARKETS INC,Purchase,NARRATIVE REASON,PENDED BY COUNTERPARTY,1253020597315,(10.00),2319146,,0,TRAD,-
487820,EMORY U GBS ALGORY,Sell,X9X9USDBLYT6,BLACKROCK TREASURY TRUST INSTL 10,STL - ACTUAL SETTLEMENT,10/30/2025,10/30/2025,10/30/2025,,Un-projected Actual,(939.2000),1.000000,939.20,USD,GSF,-,0.0000,SHORT TERM INVT FUND ON-SHORE,-,X9USDBLYT,0.00,-,Sale- Cash Equivalent(STF),C/DECL//STIF RED TRAD 003311741,,GSF2510303311741,0.00,94Q9911,,0,TRAD,-
487820,EMORY U GBS ALGORY,Buy,X9X9USDBLYT6,BLACKROCK TREASURY TRUST INSTL 10,STL - ACTUAL SETTLEMENT,10/31/2025,10/31/2025,10/31/2025,,Un-projected Actual,200.0600,1.000000,(200.06),USD,GSF,-,0.0000,SHORT TERM INVT FUND ON-SHORE,-,X9USDBLYT,0.00,PURCHASE SHORT TERM INVT FUND,Purchase- Cash Equivalent (STF),C/DECL//STIF PUR TRAD 003455087,,GSF2510313455087,0.00,94Q9911,,0,TRAD,-
487820,EMORY U GBS ALGORY,Dividend,X9X9USDBLYT6,BLACKROCK TREASURY TRUST INSTL 10,STL - POSTED,11/04/2025,11/04/2025,11/04/2025,,Contractual Cash,0.0000,0.000000,80.43,USD,GSF,-,0.0000,-,N,X9USDBLYT,80.43,-,Dividend,-,-,PSS2511031587847,0.00,94Q9911,11/04/2025,0,-,-
487820,EMORY U GBS ALGORY,Buy,X9X9USDBLYT6,BLACKROCK TREASURY TRUST INSTL 10,STL - ACTUAL SETTLEMENT,11/04/2025,11/04/2025,11/04/2025,,Un-projected Actual,80.4300,1.000000,(80.43),USD,GSF,-,0.0000,SHORT TERM INVT FUND ON-SHORE,-,X9USDBLYT,0.00,PURCHASE SHORT TERM INVT FUND,Purchase- Cash Equivalent (STF),C/DECL//STIF PUR TRAD 000213160,,GSF2511040213160,0.00,94Q9911,,0,TRAD,-
487820,EMORY U GBS ALGORY,Dividend,US4592001014,INTERNATIONAL BUSINESS MACH USD 0.2,STL - POSTED,11/10/2025,12/10/2025,12/10/2025,,Contractual Cash,10.0000,0.000000,16.80,USD,DTC,-,0.0000,-,N,459200101,16.80,-,Dividend,-,-,PSS2511074341827,0.00,2005973,12/10/2025,0,-,-
487820,EMORY U GBS ALGORY,Dividend,US47233W1099,JEFFERIES FINL GROUP INC USD 1.0,STL - POSTED,11/17/2025,11/26/2025,11/26/2025,,Contractual Cash,60.0000,0.000000,24.00,USD,DTC,-,0.0000,-,N,47233W109,24.00,-,Dividend,-,-,PSS2511104834817,0.00,BG0Q4Z2,11/26/2025,0,-,-
487820,EMORY U GBS ALGORY,Buy,US81141R1005,SEA LTD USD 0.0005 ADR,STL - ACTUAL SETTLEMENT,11/12/2025,11/13/2025,11/13/2025,,Contractual Cash,55.0000,144.319819,"(7,947.59)",USD,DTC,INSTRUCTION HAS BEEN MATCHED STEP ACCT   NZA0147500STEP CL,0.0000,PERSHING LLC,STPQ5X9K9,81141R100,0.00,BNY CAPITAL MARKETS INC,Purchase,INSTRUCTION HAS BEEN MATCHED,1253170086899,1253160629650,(10.00),BYWD7L4,,0,TRAD,-
487820,EMORY U GBS ALGORY,Buy,US48251W1045,KKR + CO INC USD 0.01,STL - ACTUAL SETTLEMENT,11/12/2025,11/13/2025,11/13/2025,,Contractual Cash,10.0000,123.060000,"(1,240.60)",USD,DTC,INSTRUCTION HAS BEEN MATCHED STEP ACCT   NZA0147500STEP CL,0.0000,PERSHING LLC,STPQ5X9K5,48251W104,0.00,BNY CAPITAL MARKETS INC,Purchase,INSTRUCTION HAS BEEN MATCHED,1253170038605,1253160629663,(10.00),BG1FRR1,,0,TRAD,-
487820,EMORY U GBS ALGORY,Buy,US09260D1072,BLACKSTONE INC USD 0.00001,STL - ACTUAL SETTLEMENT,11/12/2025,11/13/2025,11/13/2025,,Contractual Cash,10.0000,145.110000,"(1,461.10)",USD,DTC,INSTRUCTION HAS BEEN MATCHED STEP ACCT   NZA0147500STEP CL,0.0000,PERSHING LLC,STPQ5X9K8,09260D107,0.00,BNY CAPITAL MARKETS INC,Purchase,INSTRUCTION HAS BEEN MATCHED,1253170038607,1253160629693,(10.00),BKF2SL7,,0,TRAD,-
487820,EMORY U GBS ALGORY,Sell,US78462F1030,STATE STREET SPDR S+P 500 ETF TRUST,STL - ACTUAL SETTLEMENT,11/12/2025,11/13/2025,11/13/2025,,Contractual Cash,(20.0000),683.790000,"13,665.80",USD,DTC,"COUNTERPARTY INSUFFICIENT MONEY PENDING, PENDING DEBIT CAP STEP ACCT   NZA0147500STEP CL",0.0000,PERSHING LLC,STPQ5X9LA,78462F103,0.00,BNY CAPITAL MARKETS INC,Sale- Mutual Fund order,COUNTERPARTY INSUFFICIENT MONEY,"PENDING, PENDING DEBIT CAP",1253160629753,(10.00),2840215,,0,TRAD,-
487820,EMORY U GBS ALGORY,Buy,US03769M1062,APOLLO GLOBAL MGMT INC N USD 0.0001,STL - ACTUAL SETTLEMENT,11/12/2025,11/13/2025,11/13/2025,,Contractual Cash,10.0000,134.450000,"(1,354.50)",USD,DTC,INSTRUCTION HAS BEEN MATCHED STEP ACCT   NZA0147500STEP CL,0.0000,PERSHING LLC,STPQ5X9K6,03769M106,0.00,BNY CAPITAL MARKETS INC,Purchase,INSTRUCTION HAS BEEN MATCHED,1253170038610,1253160629755,(10.00),BN44JF6,,0,TRAD,-
487820,EMORY U GBS ALGORY,Buy,US91324P1021,UNITEDHEALTH GROUP INC USD 0.01,STL - ACTUAL SETTLEMENT,11/12/2025,11/13/2025,11/13/2025,,Contractual Cash,5.0000,340.730000,"(1,713.65)",USD,DTC,"INSUFFICIENT MONEY PENDING, PENDING DEBIT CAP STEP ACCT   NZA0147500STEP CL",0.0000,PERSHING LLC,STPQ5X9K7,91324P102,0.00,BNY CAPITAL MARKETS INC,Purchase,INSUFFICIENT MONEY,"PENDING, PENDING DEBIT CAP",1253160629763,(10.00),2917766,,0,TRAD,-
487820,EMORY U GBS ALGORY,Dividend,US03769M1062,APOLLO GLOBAL MGMT INC N USD 0.0001,STL - POSTED,11/17/2025,11/28/2025,11/28/2025,,Contractual Cash,10.0000,0.000000,5.10,USD,DTC,-,0.0000,-,N,03769M106,5.10,-,Dividend,-,-,PSS2511134020955,0.00,BN44JF6,11/28/2025,0,-,-
487820,EMORY U GBS ALGORY,Sell,X9X9USDBLYT6,BLACKROCK TREASURY TRUST INSTL 10,STL - ACTUAL SETTLEMENT,11/13/2025,11/13/2025,11/13/2025,,Un-projected Actual,(51.6400),1.000000,51.64,USD,GSF,-,0.0000,SHORT TERM INVT FUND ON-SHORE,-,X9USDBLYT,0.00,-,Sale- Cash Equivalent(STF),C/DECL//STIF RED TRAD 001229898,,GSF2511131229898,0.00,94Q9911,,0,TRAD,-
487820,EMORY U GBS ALGORY,Dividend,US48251W1045,KKR + CO INC USD 0.01,STL - POSTED,11/17/2025,12/02/2025,12/02/2025,,Contractual Cash,10.0000,0.000000,1.85,USD,DTC,-,0.0000,-,N,48251W104,1.85,-,Dividend,-,-,PSS2511144641514,0.00,BG1FRR1,12/02/2025,0,-,-
487820,EMORY U GBS ALGORY,Dividend,US81783H1059,SEVEN + I HLDGS CO LTD NPV ADR,STL - POSTED,08/29/2025,11/28/2025,11/28/2025,,Contractual Cash,200.0000,0.000000,23.98,USD,DTC,-,0.0000,-,N,81783H105,32.45,-,Dividend,-,-,PSS2511174580679,0.00,B3DTT41,11/28/2025,0,-,-
487820,EMORY U GBS ALGORY,Dividend,US05605H1005,BWX TECHNOLOGIES INC USD 0.01,STL - POSTED,11/19/2025,12/10/2025,12/10/2025,,Contractual Cash,15.0000,0.000000,3.75,USD,DTC,-,0.0000,-,N,05605H100,3.75,-,Dividend,-,-,PSS2511184254213,0.00,BZ0W624,12/10/2025,0,-,-
487820,EMORY U GBS ALGORY,Dividend,US9807451037,WOODWARD INC USD 0.00292,STL - POSTED,11/20/2025,12/04/2025,12/04/2025,,Contractual Cash,10.0000,0.000000,2.80,USD,DTC,-,0.0000,-,N,980745103,2.80,-,Dividend,-,-,PSS2511194270657,0.00,2948089,12/04/2025,0,-,-
487820,EMORY U GBS ALGORY,Dividend,US5949181045,MICROSOFT COM USD0.00000625,STL - POSTED,11/20/2025,12/11/2025,12/11/2025,,Contractual Cash,26.0000,0.000000,23.66,USD,DTC,-,0.0000,-,N,594918104,23.66,-,Dividend,-,-,PSS2511194270171,0.00,2588173,12/11/2025,0,-,-
487820,EMORY U GBS ALGORY,Dividend,US88023U1016,SOMNIGROUP INTERNATIONAL INC.,STL - POSTED,11/20/2025,12/04/2025,12/04/2025,,Contractual Cash,30.0000,0.000000,4.50,USD,DTC,-,0.0000,-,N,88023U101,4.50,-,Dividend,-,-,PSS2511194344462,0.00,2216991,12/04/2025,0,-,-
487820,EMORY U GBS ALGORY,Dividend,US2944291051,EQUIFAX INC USD 1.25,STL - POSTED,11/24/2025,12/15/2025,12/15/2025,,Contractual Cash,10.0000,0.000000,5.00,USD,DTC,-,0.0000,-,N,294429105,5.00,-,Dividend,-,-,PSS2511214233436,0.00,2319146,12/15/2025,0,-,-
487820,EMORY U GBS ALGORY,Dividend,US6936561009,PVH CORP USD 1.0,STL - POSTED,11/26/2025,12/17/2025,12/17/2025,,Contractual Cash,25.0000,0.000000,0.94,USD,DTC,-,0.0000,-,N,693656100,0.94,-,Dividend,-,-,PSS2511254345813,0.00,B3V9F12,12/17/2025,0,-,-
487820,EMORY U GBS ALGORY,Buy,X9X9USDBLYT6,BLACKROCK TREASURY TRUST INSTL 10,STL - ACTUAL SETTLEMENT,11/26/2025,11/26/2025,11/26/2025,,Un-projected Actual,24.0000,1.000000,(24.00),USD,GSF,-,0.0000,SHORT TERM INVT FUND ON-SHORE,-,X9USDBLYT,0.00,PURCHASE SHORT TERM INVT FUND,Purchase- Cash Equivalent (STF),C/DECL//STIF PUR TRAD 002538354,,GSF2511262538354,0.00,94Q9911,,0,TRAD,-
487820,EMORY U GBS ALGORY,Buy,X9X9USDBLYT6,BLACKROCK TREASURY TRUST INSTL 10,STL - ACTUAL SETTLEMENT,11/28/2025,11/28/2025,11/28/2025,,Un-projected Actual,29.0800,1.000000,(29.08),USD,GSF,-,0.0000,SHORT TERM INVT FUND ON-SHORE,-,X9USDBLYT,0.00,PURCHASE SHORT TERM INVT FUND,Purchase- Cash Equivalent (STF),C/DECL//STIF PUR TRAD 002730334,,GSF2511282730334,0.00,94Q9911,,0,TRAD,-
487820,EMORY U GBS ALGORY,Dividend,US02079K1079,ALPHABET INC CLASS C,STL - POSTED,12/08/2025,12/15/2025,12/15/2025,,Contractual Cash,55.0000,0.000000,11.55,USD,DTC,-,0.0000,-,N,02079K107,11.55,-,Dividend,-,-,PSS2511284262623,0.00,BYY88Y7,12/15/2025,0,-,-
487820,EMORY U GBS ALGORY,Dividend,X9X9USDBLYT6,BLACKROCK TREASURY TRUST INSTL 10,STL - POSTED,12/02/2025,12/02/2025,12/02/2025,,Contractual Cash,0.0000,0.000000,45.61,USD,GSF,-,0.0000,-,N,X9USDBLYT,45.61,-,Dividend,-,-,PSS2512011556182,0.00,94Q9911,12/02/2025,0,-,-
487820,EMORY U GBS ALGORY,Dividend,MHY234DY1099,EURO-HOLDINGS LTD NPV,STL - POSTED,12/09/2025,12/16/2025,12/16/2025,,Contractual Cash,14.0000,0.000000,1.96,USD,DTC,-,0.0000,-,N,Y234DY109,1.96,-,Dividend,-,-,PSS2512014488771,0.00,BMGTMB9,12/16/2025,0,-,-
487820,EMORY U GBS ALGORY,Dividend,US91324P1021,UNITEDHEALTH GROUP INC USD 0.01,STL - POSTED,12/08/2025,12/16/2025,12/16/2025,,Contractual Cash,5.0000,0.000000,11.05,USD,DTC,-,0.0000,-,N,91324P102,11.05,-,Dividend,-,-,PSS2512014497634,0.00,2917766,12/16/2025,0,-,-
487820,EMORY U GBS ALGORY,Buy,X9X9USDBLYT6,BLACKROCK TREASURY TRUST INSTL 10,STL - ACTUAL SETTLEMENT,12/02/2025,12/02/2025,12/02/2025,,Un-projected Actual,47.4600,1.000000,(47.46),USD,GSF,-,0.0000,SHORT TERM INVT FUND ON-SHORE,-,X9USDBLYT,0.00,PURCHASE SHORT TERM INVT FUND,Purchase- Cash Equivalent (STF),C/DECL//STIF PUR TRAD 003443162,,GSF2512023443162,0.00,94Q9911,,0,TRAD,-
487820,EMORY U GBS ALGORY,Sell,US7458671010,PULTEGROUP INC USD 0.01,STL - ACTUAL SETTLEMENT,12/03/2025,12/04/2025,12/04/2025,,Contractual Cash,(10.0000),130.370000,"1,293.70",USD,DTC,"COUNTERPARTY INSUFFICIENT MONEY PENDING, PENDING DEBIT CAP STEP ACCT   NZA0147500STEP CL",0.0000,PERSHING LLC,STPQ2FDJN,745867101,0.00,BNY CAPITAL MARKETS INC,Sale,COUNTERPARTY INSUFFICIENT MONEY,"PENDING, PENDING DEBIT CAP",1253370625662,(10.00),2708841,,0,TRAD,-
487820,EMORY U GBS ALGORY,Buy,US0846707026,BERKSHIRE HATHAWAY INC SH B 0.0033,STL - ACTUAL SETTLEMENT,12/03/2025,12/04/2025,12/04/2025,,Contractual Cash,10.0000,504.410000,"(5,054.10)",USD,DTC,INSTRUCTION HAS BEEN MATCHED STEP ACCT   NZA0147500STEP CL,0.0000,PERSHING LLC,STPQ2FDJK,084670702,0.00,BNY CAPITAL MARKETS INC,Purchase,INSTRUCTION HAS BEEN MATCHED,1253380034056,1253370625743,(10.00),2073390,,0,TRAD,-
487820,EMORY U GBS ALGORY,Sell,US4592001014,INTERNATIONAL BUSINESS MACH USD 0.2,STL - ACTUAL SETTLEMENT,12/03/2025,12/04/2025,12/04/2025,,Contractual Cash,(10.0000),303.010000,"3,020.10",USD,DTC,"COUNTERPARTY INSUFFICIENT MONEY PENDING, PENDING DEBIT CAP STEP ACCT   NZA0147500STEP CL",0.0000,PERSHING LLC,STPQ2FDJL,459200101,0.00,BNY CAPITAL MARKETS INC,Sale,COUNTERPARTY INSUFFICIENT MONEY,"PENDING, PENDING DEBIT CAP",1253370625761,(10.00),2005973,,0,TRAD,-
487820,EMORY U GBS ALGORY,Sell,US8894781033,TOLL BROS COM USD0.01,STL - ACTUAL SETTLEMENT,12/03/2025,12/04/2025,12/04/2025,,Contractual Cash,(10.0000),142.660000,"1,416.60",USD,DTC,"COUNTERPARTY INSUFFICIENT MONEY PENDING, PENDING DEBIT CAP STEP ACCT   NZA0147500STEP CL",0.0000,PERSHING LLC,STPQ2FDJO,889478103,0.00,BNY CAPITAL MARKETS INC,Sale,COUNTERPARTY INSUFFICIENT MONEY,"PENDING, PENDING DEBIT CAP",1253370625823,(10.00),2896092,,0,TRAD,-
487820,EMORY U GBS ALGORY,Sell,US0537741052,AVIS BUDGE COM STK USD0.01,STL - ACTUAL SETTLEMENT,12/03/2025,12/04/2025,12/04/2025,,Contractual Cash,(15.0000),134.448000,"2,006.72",USD,DTC,"COUNTERPARTY INSUFFICIENT MONEY PENDING, PENDING DEBIT CAP STEP ACCT   NZA0147500STEP CL",0.0000,PERSHING LLC,STPQ2FDJM,053774105,0.00,BNY CAPITAL MARKETS INC,Sale,COUNTERPARTY INSUFFICIENT MONEY,"PENDING, PENDING DEBIT CAP",1253370625980,(10.00),B1CL8J2,,0,TRAD,-
487820,EMORY U GBS ALGORY,Dividend,GB00BMXNWH07,NOBLE CORP PLC USD 0.00001,STL - POSTED,12/04/2025,12/18/2025,12/18/2025,,Contractual Cash,45.0000,0.000000,22.50,USD,DTC,-,0.0000,-,N,G65431127,22.50,-,Dividend,-,-,PSS2512034154008,0.00,BN2QTL0,12/18/2025,0,-,-
487820,EMORY U GBS ALGORY,Dividend,US67066G1040,NVIDIA CORP USD 0.001,STL - POSTED,12/04/2025,12/26/2025,12/26/2025,,Contractual Cash,35.0000,0.000000,0.35,USD,DTC,-,0.0000,-,N,67066G104,0.35,-,Dividend,-,-,PSS2512034215784,0.00,2379504,12/26/2025,0,-,-
487820,EMORY U GBS ALGORY,Buy,X9X9USDBLYT6,BLACKROCK TREASURY TRUST INSTL 10,STL - ACTUAL SETTLEMENT,12/04/2025,12/04/2025,12/04/2025,,Un-projected Actual,"2,690.3200",1.000000,"(2,690.32)",USD,GSF,-,0.0000,SHORT TERM INVT FUND ON-SHORE,-,X9USDBLYT,0.00,PURCHASE SHORT TERM INVT FUND,Purchase- Cash Equivalent (STF),C/DECL//STIF PUR TRAD 003836817,,GSF2512043836817,0.00,94Q9911,,0,TRAD,-
487820,EMORY U GBS ALGORY,Buy,X9X9USDBLYT6,BLACKROCK TREASURY TRUST INSTL 10,STL - ACTUAL SETTLEMENT,12/10/2025,12/10/2025,12/10/2025,,Un-projected Actual,20.5500,1.000000,(20.55),USD,GSF,-,0.0000,SHORT TERM INVT FUND ON-SHORE,-,X9USDBLYT,0.00,PURCHASE SHORT TERM INVT FUND,Purchase- Cash Equivalent (STF),C/DECL//STIF PUR TRAD 000410217,,GSF2512100410217,0.00,94Q9911,,0,TRAD,-
487820,EMORY U GBS ALGORY,Buy,X9X9USDBLYT6,BLACKROCK TREASURY TRUST INSTL 10,STL - ACTUAL SETTLEMENT,12/11/2025,12/11/2025,12/11/2025,,Un-projected Actual,23.6600,1.000000,(23.66),USD,GSF,-,0.0000,SHORT TERM INVT FUND ON-SHORE,-,X9USDBLYT,0.00,PURCHASE SHORT TERM INVT FUND,Purchase- Cash Equivalent (STF),C/DECL//STIF PUR TRAD 000565292,,GSF2512110565292,0.00,94Q9911,,0,TRAD,-
487820,EMORY U GBS ALGORY,Buy,X9X9USDBLYT6,BLACKROCK TREASURY TRUST INSTL 10,STL - ACTUAL SETTLEMENT,12/15/2025,12/15/2025,12/15/2025,,Un-projected Actual,16.5500,1.000000,(16.55),USD,GSF,-,0.0000,SHORT TERM INVT FUND ON-SHORE,-,X9USDBLYT,0.00,PURCHASE SHORT TERM INVT FUND,Purchase- Cash Equivalent (STF),C/DECL//STIF PUR TRAD 000877183,,GSF2512150877183,0.00,94Q9911,,0,TRAD,-
487820,EMORY U GBS ALGORY,Sell,US88557W1018,QIFN HLDGS INC USD 0.00001 ADR,STL - ACTUAL SETTLEMENT,12/11/2025,12/12/2025,12/19/2025,,Contractual Cash,(100.0000),30.000000,"2,990.00",USD,DTC,MATCHING INSTRUCTION NOT FOUND RAD AWAITING APPROVAL,0.0000,PERSHING LLC,-,88557W101,0.00,PERSHING LLC,Sale,DOC 1YI693FF99182F1,MATCHING INSTRUCTION NOT FOUND,1253490472940,(10.00),BFMV9Y2,,7,-,-
487820,EMORY U GBS ALGORY,Sell,US5288771034,LEXINFINTECH HLDGS LTD NPV ADR,STL - ACTUAL SETTLEMENT,12/11/2025,12/12/2025,12/19/2025,,Contractual Cash,(400.0000),5.000000,"1,990.00",USD,DTC,MATCHING INSTRUCTION NOT FOUND RAD AWAITING APPROVAL,0.0000,PERSHING LLC,-,528877103,0.00,PERSHING LLC,Sale,DOC 1YI693FF99182F1,MATCHING INSTRUCTION NOT FOUND,1253490474327,(10.00),BFCM956,,7,-,-
487820,EMORY U GBS ALGORY,Dividend,US30303M1027,META PLATFORMS INC USD 0.000006,STL - POSTED,12/15/2025,12/23/2025,12/23/2025,,Contractual Cash,12.0000,0.000000,6.30,USD,DTC,-,0.0000,-,N,30303M102,6.30,-,Dividend,-,-,PSS2512164055121,0.00,B7TL820,12/23/2025,0,-,-
487820,EMORY U GBS ALGORY,Buy,X9X9USDBLYT6,BLACKROCK TREASURY TRUST INSTL 10,STL - ACTUAL SETTLEMENT,12/16/2025,12/16/2025,12/16/2025,,Un-projected Actual,"4,993.0100",1.000000,"(4,993.01)",USD,GSF,-,0.0000,SHORT TERM INVT FUND ON-SHORE,-,X9USDBLYT,0.00,PURCHASE SHORT TERM INVT FUND,Purchase- Cash Equivalent (STF),C/DECL//STIF PUR TRAD 001029510,,GSF2512161029510,0.00,94Q9911,,0,TRAD,-
487820,EMORY U GBS ALGORY,Buy,X9X9USDBLYT6,BLACKROCK TREASURY TRUST INSTL 10,STL - ACTUAL SETTLEMENT,12/17/2025,12/17/2025,12/17/2025,,Un-projected Actual,0.9400,1.000000,(0.94),USD,GSF,-,0.0000,SHORT TERM INVT FUND ON-SHORE,-,X9USDBLYT,0.00,PURCHASE SHORT TERM INVT FUND,Purchase- Cash Equivalent (STF),C/DECL//STIF PUR TRAD 001175369,,GSF2512171175369,0.00,94Q9911,,0,TRAD,-
487820,EMORY U GBS ALGORY,Buy,X9X9USDBLYT6,BLACKROCK TREASURY TRUST INSTL 10,STL - ACTUAL SETTLEMENT,12/18/2025,12/18/2025,12/18/2025,,Un-projected Actual,22.5000,1.000000,(22.50),USD,GSF,-,0.0000,SHORT TERM INVT FUND ON-SHORE,-,X9USDBLYT,0.00,PURCHASE SHORT TERM INVT FUND,Purchase- Cash Equivalent (STF),C/DECL//STIF PUR TRAD 001317683,,GSF2512181317683,0.00,94Q9911,,0,TRAD,-
487820,EMORY U GBS ALGORY,Buy,USMM006IHDN8,QFIN HOLDING 45.0 CALL 20FEB26,STL - ACTUAL SETTLEMENT,12/16/2025,12/17/2025,12/19/2025,,Actual,1.0000,0.000000,(14.01),USD,DERN,FOR CLOSING,0.0000,PERSHING LLC,-,MM006IHDN,0.00,PERSHING LLC,Closing Purchase of Written Call/Put,OUTSIDE EQTY OPT CALL   MKT VALUE,A/C NZA012986,1253530196243,0.00,9AAR7OM,,2,-,-
487820,EMORY U GBS ALGORY,Buy,USMM006IHDL2,LEXINFINTECH 7.5 CALL 20FEB26,STL - ACTUAL SETTLEMENT,12/16/2025,12/17/2025,12/19/2025,,Actual,4.0000,0.000000,(22.06),USD,DERN,FOR CLOSING,0.0000,PERSHING LLC,-,MM006IHDL,0.00,PERSHING LLC,Closing Purchase of Written Call/Put,OUTSIDE EQTY OPT CALL   MKT VALUE,A/C NZA012986,1253530196245,0.00,9AAR7OK,,2,-,-
487820,EMORY U GBS ALGORY,Security Withdrawal,USMM006IHDO6,QFIN HOLDING 30.0 PUT 20FEB26,STL - ACTUAL SETTLEMENT,12/16/2025,12/17/2025,12/19/2025,,Actual,(1.0000),0.000000,0.00,USD,DER,FOR CLOSING,0.0000,PERSHING LLC,-,MM006IHDO,0.00,PERSHING LLC,Closing Sale of purchase of Put/Call-Free,INSIDE  EQTY OPT PUT    MKT VALUE,A/C NZA012986,1253530196250,0.00,9AAR7ON,,2,-,-
487820,EMORY U GBS ALGORY,Security Withdrawal,USMM006IHDM0,LEXINFINTECH 5.0 PUT 20FEB26,STL - ACTUAL SETTLEMENT,12/16/2025,12/17/2025,12/19/2025,,Actual,(4.0000),0.000000,0.00,USD,DER,FOR CLOSING,0.0000,PERSHING LLC,-,MM006IHDM,0.00,PERSHING LLC,Closing Sale of purchase of Put/Call-Free,INSIDE  EQTY OPT PUT    MKT VALUE,A/C NZA012986,1253530196260,0.00,9AAR7OL,,2,-,-
487820,EMORY U GBS ALGORY,Dividend,US78462F1030,STATE STREET SPDR S+P 500 ETF TRUST,STL - POSTED,12/19/2025,01/30/2026,01/30/2026,,Contractual Cash,12.0000,0.000000,23.92,USD,DTC,-,0.0000,-,N,78462F103,23.92,-,Dividend,-,-,PSS2512194071497,0.00,2840215,01/30/2026,0,-,-
487820,EMORY U GBS ALGORY,Sell,X9X9USDBLYT6,BLACKROCK TREASURY TRUST INSTL 10,STL - ACTUAL SETTLEMENT,12/19/2025,12/19/2025,12/19/2025,,Un-projected Actual,(36.0700),1.000000,36.07,USD,GSF,-,0.0000,SHORT TERM INVT FUND ON-SHORE,-,X9USDBLYT,0.00,-,Sale- Cash Equivalent(STF),C/DECL//STIF RED TRAD 001465625,,GSF2512191465625,0.00,94Q9911,,0,TRAD,-
487820,EMORY U GBS ALGORY,Buy,X9X9USDBLYT6,BLACKROCK TREASURY TRUST INSTL 10,STL - ACTUAL SETTLEMENT,12/23/2025,12/23/2025,12/23/2025,,Un-projected Actual,6.3000,1.000000,(6.30),USD,GSF,-,0.0000,SHORT TERM INVT FUND ON-SHORE,-,X9USDBLYT,0.00,PURCHASE SHORT TERM INVT FUND,Purchase- Cash Equivalent (STF),C/DECL//STIF PUR TRAD 001805164,,GSF2512231805164,0.00,94Q9911,,0,TRAD,-
487820,EMORY U GBS ALGORY,Dividend,US7512121010,RALPH LAUREN CORP USD 0.01,STL - POSTED,12/26/2025,01/09/2026,01/09/2026,,Contractual Cash,5.0000,0.000000,4.56,USD,DTC,-,0.0000,-,N,751212101,4.56,-,Dividend,-,-,PSS2512244320460,0.00,B4V9661,01/09/2026,0,-,-
487820,EMORY U GBS ALGORY,Buy,X9X9USDBLYT6,BLACKROCK TREASURY TRUST INSTL 10,STL - ACTUAL SETTLEMENT,12/26/2025,12/26/2025,12/26/2025,,Un-projected Actual,0.3500,1.000000,(0.35),USD,GSF,-,0.0000,SHORT TERM INVT FUND ON-SHORE,-,X9USDBLYT,0.00,PURCHASE SHORT TERM INVT FUND,Purchase- Cash Equivalent (STF),C/DECL//STIF PUR TRAD 002104789,,GSF2512262104789,0.00,94Q9911,,0,TRAD,-
487820,EMORY U GBS ALGORY,Dividend,X9X9USDBLYT6,BLACKROCK TREASURY TRUST INSTL 10,STL - POSTED,01/05/2026,01/05/2026,01/05/2026,,Contractual Cash,0.0000,0.000000,61.55,USD,GSF,-,0.0000,-,N,X9USDBLYT,61.55,-,Dividend,-,-,PSS2601021517272,0.00,94Q9911,01/05/2026,0,-,-
487820,EMORY U GBS ALGORY,Dividend,US36828A1016,GE VERNOVA INC USD 0.01,STL - POSTED,01/05/2026,02/02/2026,02/02/2026,,Contractual Cash,10.0000,0.000000,5.00,USD,DTC,-,0.0000,-,N,36828A101,5.00,-,Dividend,-,-,PSS2601024344754,0.00,BP6H4Y1,02/02/2026,0,-,-
487820,EMORY U GBS ALGORY,Buy,X9X9USDBLYT6,BLACKROCK TREASURY TRUST INSTL 10,STL - ACTUAL SETTLEMENT,01/05/2026,01/05/2026,01/05/2026,,Un-projected Actual,61.5500,1.000000,(61.55),USD,GSF,-,0.0000,SHORT TERM INVT FUND ON-SHORE,-,X9USDBLYT,0.00,PURCHASE SHORT TERM INVT FUND,Purchase- Cash Equivalent (STF),C/DECL//STIF PUR TRAD 003332968,,GSF2601053332968,0.00,94Q9911,,0,TRAD,-
487820,EMORY U GBS ALGORY,Dividend,US46625H1005,JPMORGAN CHASE + CO USD 1.0,STL - POSTED,01/06/2026,01/31/2026,02/02/2026,,Contractual Cash,41.0000,0.000000,61.50,USD,DTC,-,0.0000,-,N,46625H100,61.50,-,Dividend,-,-,PSS2601054410875,0.00,2190385,01/31/2026,2,-,-
487820,EMORY U GBS ALGORY,Buy,X9X9USDBLYT6,BLACKROCK TREASURY TRUST INSTL 10,STL - ACTUAL SETTLEMENT,01/09/2026,01/09/2026,01/09/2026,,Un-projected Actual,4.5600,1.000000,(4.56),USD,GSF,-,0.0000,SHORT TERM INVT FUND ON-SHORE,-,X9USDBLYT,0.00,PURCHASE SHORT TERM INVT FUND,Purchase- Cash Equivalent (STF),C/DECL//STIF PUR TRAD 000021622,,GSF2601090021622,0.00,94Q9911,,0,TRAD,-
487820,EMORY U GBS ALGORY,Dividend,US1491231015,CATERPILLAR INC USD 1.0,STL - POSTED,01/20/2026,02/19/2026,02/19/2026,,Contractual Cash,5.0000,0.000000,7.55,USD,DTC,-,0.0000,-,N,149123101,7.55,-,Dividend,-,-,PSS2601164311087,0.00,2180201,02/19/2026,0,-,-
487820,EMORY U GBS ALGORY,Sell,US81141R1005,SEA LTD USD 0.0005 ADR,STL - ACTUAL SETTLEMENT,01/28/2026,01/29/2026,01/29/2026,,Contractual Cash,(55.0000),129.290000,"7,100.95",USD,DTC,"COUNTERPARTY INSUFFICIENT MONEY PENDING, PENDING DEBIT CAP STEP ACCT   NZA0147500STEP CL",0.0000,PERSHING LLC,STPQ0KG00,81141R100,0.00,BNY CAPITAL MARKETS INC,Sale,COUNTERPARTY INSUFFICIENT MONEY,"PENDING, PENDING DEBIT CAP",1260280650458,(10.00),BYWD7L4,,0,TRAD,-
487820,EMORY U GBS ALGORY,Buy,US6701002056,NOVO-NORDISK A S DKK 10.0 ADR,STL - ACTUAL SETTLEMENT,01/28/2026,01/29/2026,01/29/2026,,Contractual Cash,25.0000,60.380000,"(1,519.50)",USD,DTC,INSTRUCTION HAS BEEN MATCHED STEP ACCT   NZA0147500STEP CL,0.0000,PERSHING LLC,STPQ0KG03,670100205,0.00,BNY CAPITAL MARKETS INC,Purchase,INSTRUCTION HAS BEEN MATCHED,1260290081837,1260280650673,(10.00),2651202,,0,TRAD,-
487820,EMORY U GBS ALGORY,Sell,US91324P1021,UNITEDHEALTH GROUP INC USD 0.01,STL - ACTUAL SETTLEMENT,01/28/2026,01/29/2026,01/29/2026,,Contractual Cash,(5.0000),294.380000,"1,461.90",USD,DTC,"COUNTERPARTY INSUFFICIENT MONEY PENDING, PENDING DEBIT CAP STEP ACCT   NZA0147500STEP CL",0.0000,PERSHING LLC,STPQ0KG02,91324P102,0.00,BNY CAPITAL MARKETS INC,Sale,COUNTERPARTY INSUFFICIENT MONEY,"PENDING, PENDING DEBIT CAP",1260280650686,(10.00),2917766,,0,TRAD,-
487820,EMORY U GBS ALGORY,Buy,US50105F1057,KRONOS WORLDWIDE INC USD 0.01,STL - ACTUAL SETTLEMENT,01/28/2026,01/29/2026,01/29/2026,,Contractual Cash,500.0000,5.416100,"(2,718.05)",USD,DTC,NARRATIVE REASON PENDED BY COUNTERPARTY STEP ACCT   NZA0147500STEP CL,0.0000,PERSHING LLC,STPQ0KG04,50105F105,0.00,BNY CAPITAL MARKETS INC,Purchase,NARRATIVE REASON,PENDED BY COUNTERPARTY,1260280650716,(10.00),2166397,,0,TRAD,-
487820,EMORY U GBS ALGORY,Buy,US1491231015,CATERPILLAR INC USD 1.0,STL - ACTUAL SETTLEMENT,01/28/2026,01/29/2026,01/29/2026,,Contractual Cash,5.0000,644.590000,"(3,232.95)",USD,DTC,INSTRUCTION HAS BEEN MATCHED STEP ACCT   NZA0147500STEP CL,0.0000,PERSHING LLC,STPQ0KG06,149123101,0.00,BNY CAPITAL MARKETS INC,Purchase,INSTRUCTION HAS BEEN MATCHED,1260290040734,1260280650734,(10.00),2180201,,0,TRAD,-
487820,EMORY U GBS ALGORY,Buy,X9X9USDBLYT6,BLACKROCK TREASURY TRUST INSTL 10,STL - ACTUAL SETTLEMENT,01/29/2026,01/29/2026,01/29/2026,,Un-projected Actual,"1,092.3500",1.000000,"(1,092.35)",USD,GSF,-,0.0000,SHORT TERM INVT FUND ON-SHORE,-,X9USDBLYT,0.00,PURCHASE SHORT TERM INVT FUND,Purchase- Cash Equivalent (STF),C/DECL//STIF PUR TRAD 001985567,,GSF2601291985567,0.00,94Q9911,,0,TRAD,-
487820,EMORY U GBS ALGORY,Buy,X9X9USDBLYT6,BLACKROCK TREASURY TRUST INSTL 10,STL - ACTUAL SETTLEMENT,01/30/2026,01/30/2026,01/30/2026,,Un-projected Actual,23.9200,1.000000,(23.92),USD,GSF,-,0.0000,SHORT TERM INVT FUND ON-SHORE,-,X9USDBLYT,0.00,PURCHASE SHORT TERM INVT FUND,Purchase- Cash Equivalent (STF),C/DECL//STIF PUR TRAD 002132277,,GSF2601302132277,0.00,94Q9911,,0,TRAD,-
487820,EMORY U GBS ALGORY,Buy,X9X9USDBLYT6,BLACKROCK TREASURY TRUST INSTL 10,STL - ACTUAL SETTLEMENT,02/02/2026,02/02/2026,02/02/2026,,Un-projected Actual,66.5000,1.000000,(66.50),USD,GSF,-,0.0000,SHORT TERM INVT FUND ON-SHORE,-,X9USDBLYT,0.00,PURCHASE SHORT TERM INVT FUND,Purchase- Cash Equivalent (STF),C/DECL//STIF PUR TRAD 002640980,,GSF2602022640980,0.00,94Q9911,,0,TRAD,-
487820,EMORY U GBS ALGORY,Dividend,X9X9USDBLYT6,BLACKROCK TREASURY TRUST INSTL 10,STL - POSTED,02/03/2026,02/03/2026,02/03/2026,,Contractual Cash,0.0000,0.000000,68.12,USD,GSF,-,0.0000,-,N,X9USDBLYT,68.12,-,Dividend,-,-,PSS2602021628618,0.00,94Q9911,02/03/2026,0,-,-
487820,EMORY U GBS ALGORY,Dividend,US09260D1072,BLACKSTONE INC USD 0.00001,STL - POSTED,02/09/2026,02/17/2026,02/17/2026,,Contractual Cash,10.0000,0.000000,14.90,USD,DTC,-,0.0000,-,N,09260D107,14.90,-,Dividend,-,-,PSS2602024492960,0.00,BKF2SL7,02/17/2026,0,-,-
487820,EMORY U GBS ALGORY,Buy,X9X9USDBLYT6,BLACKROCK TREASURY TRUST INSTL 10,STL - ACTUAL SETTLEMENT,02/03/2026,02/03/2026,02/03/2026,,Un-projected Actual,68.1200,1.000000,(68.12),USD,GSF,-,0.0000,SHORT TERM INVT FUND ON-SHORE,-,X9USDBLYT,0.00,PURCHASE SHORT TERM INVT FUND,Purchase- Cash Equivalent (STF),C/DECL//STIF PUR TRAD 003402971,,GSF2602033402971,0.00,94Q9911,,0,TRAD,-
487820,EMORY U GBS ALGORY,Sell,US8334451098,SNOWFLAKE INC USD 1.0,STL - ACTUAL SETTLEMENT,02/03/2026,02/04/2026,02/04/2026,,Contractual Cash,(30.0000),170.710000,"5,111.30",USD,DTC,"COUNTERPARTY INSUFFICIENT MONEY PENDING, PENDING DEBIT CAP STEP ACCT   NZA0147500STEP CL",0.0000,PERSHING LLC,STPQ634B5,833445109,0.00,BNY CAPITAL MARKETS INC,Sale,COUNTERPARTY INSUFFICIENT MONEY,"PENDING, PENDING DEBIT CAP",1260340759373,(10.00),BN134B7,,0,TRAD,-
487820,EMORY U GBS ALGORY,Buy,US1725731079,CIRCLE INTERNET GROUP IN USD 0.0001,STL - ACTUAL SETTLEMENT,02/03/2026,02/04/2026,02/04/2026,,Contractual Cash,55.0000,55.489819,"(3,061.94)",USD,DTC,INSTRUCTION HAS BEEN MATCHED STEP ACCT   NZA0147500STEP CL,0.0000,PERSHING LLC,STPQ634B8,172573107,0.00,BNY CAPITAL MARKETS INC,Purchase,INSTRUCTION HAS BEEN MATCHED,1260350020258,1260340759739,(10.00),BL6K237,,0,TRAD,-
487820,EMORY U GBS ALGORY,Buy,US5951121038,MICRON TECHNOLOGY INC USD 0.1,STL - ACTUAL SETTLEMENT,02/03/2026,02/04/2026,02/04/2026,,Contractual Cash,10.0000,413.540000,"(4,145.40)",USD,DTC,INSTRUCTION HAS BEEN MATCHED STEP ACCT   NZA0147500STEP CL,0.0000,PERSHING LLC,STPQ634B7,595112103,0.00,BNY CAPITAL MARKETS INC,Purchase,INSTRUCTION HAS BEEN MATCHED,1260350020261,1260340759875,(10.00),2588184,,0,TRAD,-
487820,EMORY U GBS ALGORY,Sell,X9X9USDBLYT6,BLACKROCK TREASURY TRUST INSTL 10,STL - ACTUAL SETTLEMENT,02/04/2026,02/04/2026,02/04/2026,,Un-projected Actual,"(2,096.0400)",1.000000,"2,096.04",USD,GSF,-,0.0000,SHORT TERM INVT FUND ON-SHORE,-,X9USDBLYT,0.00,-,Sale- Cash Equivalent(STF),C/DECL//STIF RED TRAD 003649155,,GSF2602043649155,0.00,94Q9911,,0,TRAD,-
487820,EMORY U GBS ALGORY,Sell,US2944291051,EQUIFAX INC USD 1.25,STL - ACTUAL SETTLEMENT,02/09/2026,02/10/2026,02/10/2026,,Contractual Cash,(10.0000),199.900000,"1,989.00",USD,DTC,"COUNTERPARTY INSUFFICIENT MONEY PENDING, PENDING DEBIT CAP STEP ACCT   NZA0147500STEP CL",0.0000,PERSHING LLC,STPQ5A9S7,294429105,0.00,BNY CAPITAL MARKETS INC,Sale,COUNTERPARTY INSUFFICIENT MONEY,"PENDING, PENDING DEBIT CAP",1260400678083,(10.00),2319146,,0,TRAD,-
487820,EMORY U GBS ALGORY,Sell,US47233W1099,JEFFERIES FINL GROUP INC USD 1.0,STL - ACTUAL SETTLEMENT,02/09/2026,02/10/2026,02/10/2026,,Contractual Cash,(60.0000),60.620167,"3,627.21",USD,DTC,"COUNTERPARTY INSUFFICIENT MONEY PENDING, PENDING DEBIT CAP STEP ACCT   NZA0147500STEP CL",0.0000,PERSHING LLC,STPQ5A9S9,47233W109,0.00,BNY CAPITAL MARKETS INC,Sale,COUNTERPARTY INSUFFICIENT MONEY,"PENDING, PENDING DEBIT CAP",1260400678297,(10.00),BG0Q4Z2,,0,TRAD,-
487820,EMORY U GBS ALGORY,Buy,US1638511089,CHEMOURS CO USD 0.01,STL - ACTUAL SETTLEMENT,02/09/2026,02/10/2026,02/10/2026,,Contractual Cash,100.0000,18.965900,"(1,906.59)",USD,DTC,INSTRUCTION HAS BEEN MATCHED STEP ACCT   NZA0147500STEP CL,0.0000,PERSHING LLC,STPQ5A9S5,163851108,0.00,BNY CAPITAL MARKETS INC,Purchase,INSTRUCTION HAS BEEN MATCHED,1260410051024,1260400678339,(10.00),BZ0CTP8,,0,TRAD,-
487820,EMORY U GBS ALGORY,Buy,US50105F1057,KRONOS WORLDWIDE INC USD 0.01,STL - ACTUAL SETTLEMENT,02/09/2026,02/10/2026,02/10/2026,,Contractual Cash,500.0000,6.319400,"(3,169.70)",USD,DTC,INSTRUCTION HAS BEEN MATCHED STEP ACCT   NZA0147500STEP CL,0.0000,PERSHING LLC,STPQ5A9S8,50105F105,0.00,BNY CAPITAL MARKETS INC,Purchase,INSTRUCTION HAS BEEN MATCHED,1260410051026,1260400679218,(10.00),2166397,,0,TRAD,-
487820,EMORY U GBS ALGORY,Sell,BMG9460G1015,VALARIS LTD USD 0.01,STL - ACTUAL SETTLEMENT,02/09/2026,02/10/2026,02/10/2026,,Contractual Cash,(30.0000),82.825000,"2,474.75",USD,DTC,"COUNTERPARTY INSUFFICIENT MONEY PENDING, PENDING DEBIT CAP STEP ACCT   NZA0147500STEP CL",0.0000,PERSHING LLC,STPQ5A9S6,G9460G101,0.00,BNY CAPITAL MARKETS INC,Sale,COUNTERPARTY INSUFFICIENT MONEY,"PENDING, PENDING DEBIT CAP",1260400679315,(10.00),BMY0YX0,,0,TRAD,-
487820,EMORY U GBS ALGORY,Buy,X9X9USDBLYT6,BLACKROCK TREASURY TRUST INSTL 10,STL - ACTUAL SETTLEMENT,02/10/2026,02/10/2026,02/10/2026,,Un-projected Actual,"3,014.6700",1.000000,"(3,014.67)",USD,GSF,-,0.0000,SHORT TERM INVT FUND ON-SHORE,-,X9USDBLYT,0.00,PURCHASE SHORT TERM INVT FUND,Purchase- Cash Equivalent (STF),C/DECL//STIF PUR TRAD 000272368,,GSF2602100272368,0.00,94Q9911,,0,TRAD,-
487820,EMORY U GBS ALGORY,Dividend,US03769M1062,APOLLO GLOBAL MGMT INC N USD 0.0001,STL - POSTED,02/19/2026,02/27/2026,02/27/2026,,Contractual Cash,10.0000,0.000000,5.10,USD,DTC,-,0.0000,-,N,03769M106,5.10,-,Dividend,-,-,PSS2602124351871,0.00,BN44JF6,02/27/2026,0,-,-
487820,EMORY U GBS ALGORY,Dividend,US48251W1045,KKR + CO INC USD 0.01,STL - POSTED,02/17/2026,03/03/2026,03/03/2026,,Contractual Cash,10.0000,0.000000,1.85,USD,DTC,-,0.0000,-,N,48251W104,1.85,-,Dividend,-,-,PSS2602134379934,0.00,BG1FRR1,03/03/2026,0,-,-
487820,EMORY U GBS ALGORY,Buy,X9X9USDBLYT6,BLACKROCK TREASURY TRUST INSTL 10,STL - ACTUAL SETTLEMENT,02/17/2026,02/17/2026,02/17/2026,,Un-projected Actual,14.9000,1.000000,(14.90),USD,GSF,-,0.0000,SHORT TERM INVT FUND ON-SHORE,-,X9USDBLYT,0.00,PURCHASE SHORT TERM INVT FUND,Purchase- Cash Equivalent (STF),C/DECL//STIF PUR TRAD 000899596,,GSF2602170899596,0.00,94Q9911,,0,TRAD,-
487820,EMORY U GBS ALGORY,Dividend,US9807451037,WOODWARD INC USD 0.00292,STL - POSTED,02/19/2026,03/05/2026,03/05/2026,,Contractual Cash,10.0000,0.000000,3.20,USD,DTC,-,0.0000,-,N,980745103,3.20,-,Dividend,-,-,PSS2602184206985,0.00,2948089,03/05/2026,0,-,-
487820,EMORY U GBS ALGORY,Dividend,US5949181045,MICROSOFT COM USD0.00000625,STL - POSTED,02/19/2026,03/12/2026,03/12/2026,,Contractual Cash,26.0000,0.000000,23.66,USD,DTC,-,0.0000,-,N,594918104,23.66,-,Dividend,-,-,PSS2602184241454,0.00,2588173,03/12/2026,0,-,-
487820,EMORY U GBS ALGORY,Buy,X9X9USDBLYT6,BLACKROCK TREASURY TRUST INSTL 10,STL - ACTUAL SETTLEMENT,02/19/2026,02/19/2026,02/19/2026,,Un-projected Actual,7.5500,1.000000,(7.55),USD,GSF,-,0.0000,SHORT TERM INVT FUND ON-SHORE,-,X9USDBLYT,0.00,PURCHASE SHORT TERM INVT FUND,Purchase- Cash Equivalent (STF),C/DECL//STIF PUR TRAD 001186965,,GSF2602191186965,0.00,94Q9911,,0,TRAD,-
487820,EMORY U GBS ALGORY,Dividend,US1638511089,CHEMOURS CO USD 0.01,STL - POSTED,02/27/2026,03/13/2026,03/13/2026,,Contractual Cash,100.0000,0.000000,8.75,USD,DTC,-,0.0000,-,N,163851108,8.75,-,Dividend,-,-,PSS2602264182595,0.00,BZ0CTP8,03/13/2026,0,-,-
487820,EMORY U GBS ALGORY,Buy,X9X9USDBLYT6,BLACKROCK TREASURY TRUST INSTL 10,STL - ACTUAL SETTLEMENT,02/27/2026,02/27/2026,02/27/2026,,Un-projected Actual,5.1000,1.000000,(5.10),USD,GSF,-,0.0000,SHORT TERM INVT FUND ON-SHORE,-,X9USDBLYT,0.00,PURCHASE SHORT TERM INVT FUND,Purchase- Cash Equivalent (STF),C/DECL//STIF PUR TRAD 002050531,,GSF2602272050531,0.00,94Q9911,,0,TRAD,-
487820,EMORY U GBS ALGORY,Dividend,US02079K1079,ALPHABET INC CLASS C,STL - POSTED,03/09/2026,03/16/2026,03/16/2026,,Contractual Cash,55.0000,0.000000,11.55,USD,DTC,-,0.0000,-,N,02079K107,11.55,-,Dividend,-,-,PSS2602274214700,0.00,BYY88Y7,03/16/2026,0,-,-
487820,EMORY U GBS ALGORY,Dividend,X9X9USDBLYT6,BLACKROCK TREASURY TRUST INSTL 10,STL - POSTED,03/03/2026,03/03/2026,03/03/2026,,Contractual Cash,0.0000,0.000000,64.80,USD,GSF,-,0.0000,-,N,X9USDBLYT,64.80,-,Dividend,-,-,PSS2603021651840,0.00,94Q9911,03/03/2026,0,-,-
487820,EMORY U GBS ALGORY,Dividend,MHY234DY1099,EURO-HOLDINGS LTD NPV,STL - POSTED,03/10/2026,03/17/2026,03/17/2026,,Contractual Cash,14.0000,0.000000,1.96,USD,DTC,-,0.0000,-,N,Y234DY109,1.96,-,Dividend,-,-,PSS2603024476208,0.00,BMGTMB9,03/17/2026,0,-,-
487820,EMORY U GBS ALGORY,Buy,X9X9USDBLYT6,BLACKROCK TREASURY TRUST INSTL 10,STL - ACTUAL SETTLEMENT,03/03/2026,03/03/2026,03/03/2026,,Un-projected Actual,66.6500,1.000000,(66.65),USD,GSF,-,0.0000,SHORT TERM INVT FUND ON-SHORE,-,X9USDBLYT,0.00,PURCHASE SHORT TERM INVT FUND,Purchase- Cash Equivalent (STF),C/DECL//STIF PUR TRAD 003267302,,GSF2603033267302,0.00,94Q9911,,0,TRAD,-
487820,EMORY U GBS ALGORY,Dividend,US6936561009,PVH CORP USD 1.0,STL - POSTED,03/04/2026,03/25/2026,03/25/2026,,Contractual Cash,25.0000,0.000000,0.94,USD,DTC,-,0.0000,-,N,693656100,0.94,-,Dividend,-,-,PSS2603034164226,0.00,B3V9F12,03/25/2026,0,-,-
487820,EMORY U GBS ALGORY,Dividend,GB00BMXNWH07,NOBLE CORP PLC USD 0.00001,STL - POSTED,03/04/2026,03/19/2026,03/19/2026,,Contractual Cash,45.0000,0.000000,22.50,USD,DTC,-,0.0000,-,N,G65431127,22.50,-,Dividend,-,-,PSS2603034223853,0.00,BN2QTL0,03/19/2026,0,-,-
487820,EMORY U GBS ALGORY,Dividend,US88023U1016,SOMNIGROUP INTERNATIONAL INC.,STL - POSTED,03/05/2026,03/19/2026,03/19/2026,,Contractual Cash,30.0000,0.000000,5.10,USD,DTC,-,0.0000,-,N,88023U101,5.10,-,Dividend,-,-,PSS2603044154484,0.00,2216991,03/19/2026,0,-,-
487820,EMORY U GBS ALGORY,Dividend,US50105F1057,KRONOS WORLDWIDE INC USD 0.01,STL - POSTED,03/10/2026,03/19/2026,03/19/2026,,Contractual Cash,"1,000.0000",0.000000,50.00,USD,DTC,-,0.0000,-,N,50105F105,50.00,-,Dividend,-,-,PSS2603044209680,0.00,2166397,03/19/2026,0,-,-
487820,EMORY U GBS ALGORY,Buy,X9X9USDBLYT6,BLACKROCK TREASURY TRUST INSTL 10,STL - ACTUAL SETTLEMENT,03/05/2026,03/05/2026,03/05/2026,,Un-projected Actual,3.2000,1.000000,(3.20),USD,GSF,-,0.0000,SHORT TERM INVT FUND ON-SHORE,-,X9USDBLYT,0.00,PURCHASE SHORT TERM INVT FUND,Purchase- Cash Equivalent (STF),C/DECL//STIF PUR TRAD 003668803,,GSF2603053668803,0.00,94Q9911,,0,TRAD,-
487820,EMORY U GBS ALGORY,Buy,US78462F1030,STATE STREET SPDR S+P 500 ETF TRUST,STL - ACTUAL SETTLEMENT,03/09/2026,03/10/2026,03/10/2026,,Contractual Cash,15.0000,671.030000,"(10,075.45)",USD,DTC,INSTRUCTION HAS BEEN MATCHED STEP ACCT   NZA0147500STEP CL,0.0000,PERSHING LLC,STPQ7IADG,78462F103,0.00,BNY CAPITAL MARKETS INC,Purchase- Mutual Fund order,INSTRUCTION HAS BEEN MATCHED,1260690086083,1260680658339,(10.00),2840215,,0,TRAD,-
487820,EMORY U GBS ALGORY,Sell,US1725731079,CIRCLE INTERNET GROUP IN USD 0.0001,STL - ACTUAL SETTLEMENT,03/09/2026,03/10/2026,03/10/2026,,Contractual Cash,(55.0000),110.030000,"6,041.65",USD,DTC,"COUNTERPARTY INSUFFICIENT MONEY PENDING, PENDING DEBIT CAP STEP ACCT   NZA0147500STEP CL",0.0000,PERSHING LLC,STPQ7IADF,172573107,0.00,BNY CAPITAL MARKETS INC,Sale,COUNTERPARTY INSUFFICIENT MONEY,"PENDING, PENDING DEBIT CAP",1260680660448,(10.00),BL6K237,,0,TRAD,-
487820,EMORY U GBS ALGORY,Sell,X9X9USDBLYT6,BLACKROCK TREASURY TRUST INSTL 10,STL - ACTUAL SETTLEMENT,03/10/2026,03/10/2026,03/10/2026,,Un-projected Actual,"(4,033.8000)",1.000000,"4,033.80",USD,GSF,-,0.0000,SHORT TERM INVT FUND ON-SHORE,-,X9USDBLYT,0.00,-,Sale- Cash Equivalent(STF),C/DECL//STIF RED TRAD 000098630,,GSF2603100098630,0.00,94Q9911,,0,TRAD,-
487820,EMORY U GBS ALGORY,Dividend,US05605H1005,BWX TECHNOLOGIES INC USD 0.01,STL - POSTED,03/11/2026,03/27/2026,03/27/2026,,Contractual Cash,15.0000,0.000000,4.05,USD,DTC,-,0.0000,-,N,05605H100,4.05,-,Dividend,-,-,PSS2603104181515,0.00,BZ0W624,03/27/2026,0,-,-
487820,EMORY U GBS ALGORY,Dividend,US67066G1040,NVIDIA CORP USD 0.001,STL - POSTED,03/11/2026,04/01/2026,04/01/2026,,Contractual Cash,35.0000,0.000000,0.35,USD,DTC,-,0.0000,-,N,67066G104,0.35,-,Dividend,-,-,PSS2603104234975,0.00,2379504,04/01/2026,0,-,-
487820,EMORY U GBS ALGORY,Dividend,US30303M1027,META PLATFORMS INC USD 0.000006,STL - POSTED,03/16/2026,03/26/2026,03/26/2026,,Contractual Cash,12.0000,0.000000,6.30,USD,DTC,-,0.0000,-,N,30303M102,6.30,-,Dividend,-,-,PSS2603114217562,0.00,B7TL820,03/26/2026,0,-,-
487820,EMORY U GBS ALGORY,Buy,X9X9USDBLYT6,BLACKROCK TREASURY TRUST INSTL 10,STL - ACTUAL SETTLEMENT,03/12/2026,03/12/2026,03/12/2026,,Un-projected Actual,23.6600,1.000000,(23.66),USD,GSF,-,0.0000,SHORT TERM INVT FUND ON-SHORE,-,X9USDBLYT,0.00,PURCHASE SHORT TERM INVT FUND,Purchase- Cash Equivalent (STF),C/DECL//STIF PUR TRAD 000383950,,GSF2603120383950,0.00,94Q9911,,0,TRAD,-
487820,EMORY U GBS ALGORY,Buy,X9X9USDBLYT6,BLACKROCK TREASURY TRUST INSTL 10,STL - ACTUAL SETTLEMENT,03/13/2026,03/13/2026,03/13/2026,,Un-projected Actual,8.7500,1.000000,(8.75),USD,GSF,-,0.0000,SHORT TERM INVT FUND ON-SHORE,-,X9USDBLYT,0.00,PURCHASE SHORT TERM INVT FUND,Purchase- Cash Equivalent (STF),C/DECL//STIF PUR TRAD 000542194,,GSF2603130542194,0.00,94Q9911,,0,TRAD,-
487820,EMORY U GBS ALGORY,Buy,X9X9USDBLYT6,BLACKROCK TREASURY TRUST INSTL 10,STL - ACTUAL SETTLEMENT,03/16/2026,03/16/2026,03/16/2026,,Un-projected Actual,11.5500,1.000000,(11.55),USD,GSF,-,0.0000,SHORT TERM INVT FUND ON-SHORE,-,X9USDBLYT,0.00,PURCHASE SHORT TERM INVT FUND,Purchase- Cash Equivalent (STF),C/DECL//STIF PUR TRAD 000700849,,GSF2603160700849,0.00,94Q9911,,0,TRAD,-
487820,EMORY U GBS ALGORY,Dividend,US36828A1016,GE VERNOVA INC USD 0.01,STL - POSTED,03/17/2026,04/14/2026,04/14/2026,,Contractual Cash,10.0000,0.000000,5.00,USD,DTC,-,0.0000,-,N,36828A101,5.00,-,Dividend,-,-,PSS2603164579599,0.00,BP6H4Y1,04/14/2026,0,-,-
487820,EMORY U GBS ALGORY,Buy,X9X9USDBLYT6,BLACKROCK TREASURY TRUST INSTL 10,STL - ACTUAL SETTLEMENT,03/17/2026,03/17/2026,03/17/2026,,Un-projected Actual,1.9600,1.000000,(1.96),USD,GSF,-,0.0000,SHORT TERM INVT FUND ON-SHORE,-,X9USDBLYT,0.00,PURCHASE SHORT TERM INVT FUND,Purchase- Cash Equivalent (STF),C/DECL//STIF PUR TRAD 000850490,,GSF2603170850490,0.00,94Q9911,,0,TRAD,-
487820,EMORY U GBS ALGORY,Buy,X9X9USDBLYT6,BLACKROCK TREASURY TRUST INSTL 10,STL - ACTUAL SETTLEMENT,03/19/2026,03/19/2026,03/19/2026,,Un-projected Actual,77.6000,1.000000,(77.60),USD,GSF,-,0.0000,SHORT TERM INVT FUND ON-SHORE,-,X9USDBLYT,0.00,PURCHASE SHORT TERM INVT FUND,Purchase- Cash Equivalent (STF),C/DECL//STIF PUR TRAD 001131189,,GSF2603191131189,0.00,94Q9911,,0,TRAD,-
487820,EMORY U GBS ALGORY,Sell,US6701002056,NOVO-NORDISK A S DKK 10.0 ADR,STL - ACTUAL SETTLEMENT,03/24/2026,03/25/2026,03/25/2026,,Contractual Cash,(115.0000),36.661392,"4,206.06",USD,DTC,"COUNTERPARTY INSUFFICIENT MONEY PENDING, PENDING DEBIT CAP STEP ACCT   NZA0147500STEP CL",0.0000,PERSHING LLC,STPQ5LYKW,670100205,0.00,BNY CAPITAL MARKETS INC,Sale,COUNTERPARTY INSUFFICIENT MONEY,"PENDING, PENDING DEBIT CAP",1260830711799,(10.00),2651202,,0,TRAD,-
487820,EMORY U GBS ALGORY,Buy,X9X9USDBLYT6,BLACKROCK TREASURY TRUST INSTL 10,STL - ACTUAL SETTLEMENT,03/25/2026,03/25/2026,03/25/2026,,Un-projected Actual,"4,207.0000",1.000000,"(4,207.00)",USD,GSF,-,0.0000,SHORT TERM INVT FUND ON-SHORE,-,X9USDBLYT,0.00,PURCHASE SHORT TERM INVT FUND,Purchase- Cash Equivalent (STF),C/DECL//STIF PUR TRAD 001708381,,GSF2603251708381,0.00,94Q9911,,0,TRAD,-
487820,EMORY U GBS ALGORY,Buy,X9X9USDBLYT6,BLACKROCK TREASURY TRUST INSTL 10,STL - ACTUAL SETTLEMENT,03/26/2026,03/26/2026,03/26/2026,,Un-projected Actual,6.3000,1.000000,(6.30),USD,GSF,-,0.0000,SHORT TERM INVT FUND ON-SHORE,-,X9USDBLYT,0.00,PURCHASE SHORT TERM INVT FUND,Purchase- Cash Equivalent (STF),C/DECL//STIF PUR TRAD 001849375,,GSF2603261849375,0.00,94Q9911,,0,TRAD,-
487820,EMORY U GBS ALGORY,Dividend,US7512121010,RALPH LAUREN CORP USD 0.01,STL - POSTED,03/27/2026,04/10/2026,04/10/2026,,Contractual Cash,5.0000,0.000000,4.56,USD,DTC,-,0.0000,-,N,751212101,4.56,-,Dividend,-,-,PSS2603264170018,0.00,B4V9661,04/10/2026,0,-,-
487820,EMORY U GBS ALGORY,Buy,X9X9USDBLYT6,BLACKROCK TREASURY TRUST INSTL 10,STL - ACTUAL SETTLEMENT,03/27/2026,03/27/2026,03/27/2026,,Un-projected Actual,4.0500,1.000000,(4.05),USD,GSF,-,0.0000,SHORT TERM INVT FUND ON-SHORE,-,X9USDBLYT,0.00,PURCHASE SHORT TERM INVT FUND,Purchase- Cash Equivalent (STF),C/DECL//STIF PUR TRAD 001988516,,GSF2603271988516,0.00,94Q9911,,0,TRAD,-
487820,EMORY U GBS ALGORY,Dividend,US5951121038,MICRON TECHNOLOGY INC USD 0.1,STL - POSTED,03/30/2026,04/15/2026,04/15/2026,,Contractual Cash,10.0000,0.000000,1.50,USD,DTC,-,0.0000,-,N,595112103,1.50,-,Dividend,-,-,PSS2603274153079,0.00,2588184,04/15/2026,0,-,-
487820,EMORY U GBS ALGORY,Buy,X9X9USDBLYT6,BLACKROCK TREASURY TRUST INSTL 10,STL - ACTUAL SETTLEMENT,04/01/2026,04/01/2026,04/01/2026,,Un-projected Actual,0.3500,1.000000,(0.35),USD,GSF,-,0.0000,SHORT TERM INVT FUND ON-SHORE,-,X9USDBLYT,0.00,PURCHASE SHORT TERM INVT FUND,Purchase- Cash Equivalent (STF),C/DECL//STIF PUR TRAD 002761939,,GSF2604012761939,0.00,94Q9911,,0,TRAD,-
487820,EMORY U GBS ALGORY,Dividend,X9X9USDBLYT6,BLACKROCK TREASURY TRUST INSTL 10,STL - POSTED,04/02/2026,04/02/2026,04/02/2026,,Contractual Cash,0.0000,0.000000,68.76,USD,GSF,-,0.0000,-,N,X9USDBLYT,68.76,-,Dividend,-,-,PSS2604011226969,0.00,94Q9911,04/02/2026,0,-,-
487820,EMORY U GBS ALGORY,Buy,X9X9USDBLYT6,BLACKROCK TREASURY TRUST INSTL 10,STL - ACTUAL SETTLEMENT,04/02/2026,04/02/2026,04/02/2026,,Un-projected Actual,68.7600,1.000000,(68.76),USD,GSF,-,0.0000,SHORT TERM INVT FUND ON-SHORE,-,X9USDBLYT,0.00,PURCHASE SHORT TERM INVT FUND,Purchase- Cash Equivalent (STF),C/DECL//STIF PUR TRAD 003513287,,GSF2604023513287,0.00,94Q9911,,0,TRAD,-
487820,EMORY U GBS ALGORY,Buy,X9X9USDBLYT6,BLACKROCK TREASURY TRUST INSTL 10,STL - ACTUAL SETTLEMENT,04/10/2026,04/10/2026,04/10/2026,,Un-projected Actual,4.5600,1.000000,(4.56),USD,GSF,-,0.0000,SHORT TERM INVT FUND ON-SHORE,-,X9USDBLYT,0.00,PURCHASE SHORT TERM INVT FUND,Purchase- Cash Equivalent (STF),C/DECL//STIF PUR TRAD 000403536,,GSF2604100403536,0.00,94Q9911,,0,TRAD,-
487820,EMORY U GBS ALGORY,Buy,X9X9USDBLYT6,BLACKROCK TREASURY TRUST INSTL 10,STL - ACTUAL SETTLEMENT,04/14/2026,04/14/2026,04/14/2026,,Un-projected Actual,5.0000,1.000000,(5.00),USD,GSF,-,0.0000,SHORT TERM INVT FUND ON-SHORE,-,X9USDBLYT,0.00,PURCHASE SHORT TERM INVT FUND,Purchase- Cash Equivalent (STF),C/DECL//STIF PUR TRAD 000695563,,GSF2604140695563,0.00,94Q9911,,0,TRAD,-
487820,EMORY U GBS ALGORY,Buy,X9X9USDBLYT6,BLACKROCK TREASURY TRUST INSTL 10,STL - ACTUAL SETTLEMENT,04/15/2026,04/15/2026,04/15/2026,,Un-projected Actual,1.5000,1.000000,(1.50),USD,GSF,-,0.0000,SHORT TERM INVT FUND ON-SHORE,-,X9USDBLYT,0.00,PURCHASE SHORT TERM INVT FUND,Purchase- Cash Equivalent (STF),C/DECL//STIF PUR TRAD 000834820,,GSF2604150834820,0.00,94Q9911,,0,TRAD,-